Date/Time,Temperature(S1),Temperature(S2),Humidity(S1)(%),Humidity(S2)(%),Average_Temp,Average_Humidity
2022-07-17T09:12:30,,25.9,,48.5,25.9,48.5
2022-07-17T09:12:35,26.0,26.0,47.8,48.6,26.0,48.2
2022-07-17T09:12:41,26.0,25.9,47.7,48.7,25.95,48.2
2022-07-17T09:12:46,26.1,25.9,47.8,49.0,26.0,48.4
2022-07-17T09:12:52,26.1,26.0,47.8,48.7,26.05,48.25
2022-07-17T09:12:57,26.0,26.0,48.1,49.0,26.0,48.55
2022-07-17T09:13:03,26.1,26.0,48.1,48.9,26.05,48.5
2022-07-17T09:13:08,26.1,25.9,48.0,48.9,26.0,48.45
2022-07-17T09:13:14,26.0,25.9,47.7,48.7,25.95,48.2
2022-07-17T09:13:19,26.1,26.0,47.9,48.6,26.05,48.25
2022-07-17T09:13:25,26.1,25.9,47.6,48.4,26.0,48.0
2022-07-17T09:13:30,26.1,25.9,47.8,48.6,26.0,48.2
2022-07-17T09:13:36,26.1,26.0,47.5,48.8,26.05,48.15
2022-07-17T09:13:41,26.1,26.0,47.8,49.1,26.05,48.45
2022-07-17T09:13:47,26.1,26.0,47.8,48.8,26.05,48.3
2022-07-17T09:13:53,26.2,26.0,47.8,48.5,26.1,48.15
2022-07-17T09:13:58,26.1,26.0,47.5,48.5,26.05,48.0
2022-07-17T09:14:04,26.1,25.9,47.3,48.6,26.0,47.95
2022-07-17T09:14:09,26.0,26.0,47.5,48.6,26.0,48.05
2022-07-17T09:14:15,26.1,26.0,47.1,48.7,26.05,47.9
2022-07-17T09:14:20,26.0,25.9,47.4,48.6,25.95,48.0
2022-07-17T09:14:26,26.0,25.9,47.8,48.3,25.95,48.05
2022-07-17T09:14:31,26.0,25.9,47.4,48.4,25.95,47.9
2022-07-17T09:14:37,26.1,25.9,47.3,48.1,26.0,47.7
2022-07-17T09:14:42,26.1,25.9,47.3,48.7,26.0,48.0
2022-07-17T09:14:48,26.0,25.9,47.1,48.4,25.95,47.75
2022-07-17T09:14:53,26.0,25.9,47.4,48.6,25.95,48.0
2022-07-17T09:14:59,26.1,25.9,47.5,48.6,26.0,48.05
2022-07-17T09:15:04,26.2,26.0,47.3,48.5,26.1,47.9
2022-07-17T09:15:10,26.0,26.0,47.5,48.8,26.0,48.15
2022-07-17T09:15:15,26.0,26.0,47.5,48.7,26.0,48.1
2022-07-17T09:15:21,26.1,26.0,47.0,48.6,26.05,47.8
2022-07-17T09:15:26,26.1,26.0,47.1,48.2,26.05,47.65
2022-07-17T09:15:32,26.1,26.0,47.4,48.4,26.05,47.9
2022-07-17T09:15:37,26.1,26.0,47.1,48.4,26.05,47.75
2022-07-17T09:15:43,26.0,26.0,47.3,48.6,26.0,47.95
2022-07-17T09:15:49,26.0,25.9,47.2,48.3,25.95,47.75
2022-07-17T09:15:54,26.1,26.0,47.5,48.5,26.05,48.0
2022-07-17T09:16:00,26.1,26.0,47.3,48.5,26.05,47.9
2022-07-17T09:16:05,26.1,26.1,47.2,48.5,26.1,47.85
2022-07-17T09:16:11,26.1,26.0,47.1,48.3,26.05,47.7
2022-07-17T09:16:16,26.1,26.0,47.1,48.7,26.05,47.9
2022-07-17T09:16:22,26.1,26.0,47.0,48.5,26.05,47.75
2022-07-17T09:16:27,26.1,26.0,47.2,48.0,26.05,47.6
2022-07-17T09:16:33,26.1,26.0,47.4,48.3,26.05,47.85
2022-07-17T09:16:38,26.2,26.1,47.1,48.4,26.15,47.75
2022-07-17T09:16:44,26.2,26.0,47.0,48.5,26.1,47.75
2022-07-17T09:16:49,26.2,26.0,47.2,48.4,26.1,47.8
2022-07-17T09:16:56,26.2,26.0,47.0,48.5,26.1,47.75
2022-07-17T09:17:01,26.2,26.0,47.4,48.7,26.1,48.05
2022-07-17T09:17:07,26.2,26.0,47.2,48.5,26.1,47.85
2022-07-17T09:17:12,26.2,26.1,47.1,48.3,26.15,47.7
2022-07-17T09:17:18,26.2,26.1,47.2,48.5,26.15,47.85
2022-07-17T09:17:23,26.1,26.1,47.4,48.4,26.1,47.9
2022-07-17T09:17:29,26.1,26.1,47.0,48.3,26.1,47.65
2022-07-17T09:17:34,26.1,26.1,47.2,48.6,26.1,47.9
2022-07-17T09:17:40,26.1,26.0,46.8,48.2,26.05,47.5
2022-07-17T09:17:45,26.2,26.0,46.7,48.3,26.1,47.5
2022-07-17T09:17:51,26.1,26.1,46.7,48.3,26.1,47.5
2022-07-17T09:17:56,26.1,26.0,46.8,48.0,26.05,47.4
2022-07-17T09:18:02,26.1,26.0,46.9,47.9,26.05,47.4
2022-07-17T09:18:08,26.1,26.1,47.0,48.1,26.1,47.55
2022-07-17T09:18:13,26.2,26.0,47.2,48.4,26.1,47.8
2022-07-17T09:18:19,26.2,26.0,47.1,48.4,26.1,47.75
2022-07-17T09:18:24,26.1,26.0,47.2,48.1,26.05,47.65
2022-07-17T09:18:30,26.2,26.0,47.5,48.7,26.1,48.1
2022-07-17T09:18:35,26.2,26.1,47.3,48.4,26.15,47.85
2022-07-17T09:18:41,26.1,26.1,47.0,48.3,26.1,47.65
2022-07-17T09:18:46,26.3,26.1,47.0,48.1,26.2,47.55
2022-07-17T09:18:52,26.2,26.1,46.8,48.4,26.15,47.6
2022-07-17T09:18:57,26.2,26.1,46.6,48.1,26.15,47.35
2022-07-17T09:19:03,26.2,26.1,46.6,48.1,26.15,47.35
2022-07-17T09:19:08,26.2,26.1,46.8,48.2,26.15,47.5
2022-07-17T09:19:14,26.2,,46.8,,26.2,46.8
2022-07-17T09:19:19,,26.1,,48.3,26.1,48.3
2022-07-17T09:19:25,26.3,26.1,47.1,48.4,26.2,47.75
2022-07-17T09:19:30,26.2,26.1,47.0,48.2,26.15,47.6
2022-07-17T09:19:36,26.2,26.1,47.3,48.4,26.15,47.85
2022-07-17T09:19:41,26.2,26.1,47.0,48.4,26.15,47.7
2022-07-17T09:19:47,26.2,26.1,47.0,48.2,26.15,47.6
2022-07-17T09:19:53,26.3,26.2,47.2,48.4,26.25,47.8
2022-07-17T09:19:58,26.2,26.1,47.3,48.6,26.15,47.95
2022-07-17T09:20:04,26.3,26.1,47.5,48.7,26.2,48.1
2022-07-17T09:20:09,26.2,26.1,47.2,48.2,26.15,47.7
2022-07-17T09:20:15,26.2,26.2,47.5,48.4,26.2,47.95
2022-07-17T09:20:20,26.2,26.1,47.4,48.5,26.15,47.95
2022-07-17T09:20:26,26.3,26.2,47.3,48.6,26.25,47.95
2022-07-17T09:20:31,26.2,26.2,47.5,48.6,26.2,48.05
2022-07-17T09:20:37,26.3,,47.6,,26.3,47.6
2022-07-17T09:20:42,26.3,26.1,47.1,48.3,26.2,47.7
2022-07-17T09:20:48,26.3,26.2,47.3,48.6,26.25,47.95
2022-07-17T09:20:53,26.4,26.2,46.6,48.6,26.3,47.6
2022-07-17T09:20:59,26.4,26.2,46.6,48.3,26.3,47.45
2022-07-17T09:21:04,26.3,26.2,47.0,48.3,26.25,47.65
2022-07-17T09:21:10,26.3,26.2,47.0,48.3,26.25,47.65
2022-07-17T09:21:15,26.3,26.3,47.0,48.6,26.3,47.8
2022-07-17T09:21:21,26.4,26.2,46.4,48.1,26.3,47.25
2022-07-17T09:21:26,26.3,26.3,46.8,48.2,26.3,47.5
2022-07-17T09:21:32,26.4,26.3,46.2,48.2,26.35,47.2
2022-07-17T09:21:37,26.4,26.2,46.0,48.0,26.3,47.0
2022-07-17T09:21:43,26.3,26.2,46.6,47.9,26.25,47.25
2022-07-17T09:21:49,26.4,26.2,45.7,47.9,26.3,46.8
2022-07-17T09:21:54,26.4,26.3,45.8,47.7,26.35,46.75
2022-07-17T09:22:00,26.3,,46.2,,26.3,46.2
2022-07-17T09:22:05,26.4,26.2,45.6,48.0,26.3,46.8
2022-07-17T09:22:11,26.3,26.2,46.6,47.8,26.25,47.2
2022-07-17T09:22:16,26.4,26.2,46.2,47.8,26.3,47.0
2022-07-17T09:22:22,26.3,26.1,46.5,48.2,26.2,47.35
2022-07-17T09:22:27,26.3,26.3,46.9,48.2,26.3,47.55
2022-07-17T09:22:33,26.3,26.2,46.7,48.1,26.25,47.4
2022-07-17T09:22:38,26.3,26.3,46.8,47.8,26.3,47.3
2022-07-17T09:22:44,26.4,26.3,46.3,48.1,26.35,47.2
2022-07-17T09:22:49,26.4,26.3,45.9,47.9,26.35,46.9
2022-07-17T09:22:55,26.4,26.2,46.0,47.9,26.3,46.95
2022-07-17T09:23:00,26.4,26.3,45.7,47.8,26.35,46.75
2022-07-17T09:23:06,26.3,,46.1,,26.3,46.1
2022-07-17T09:23:11,26.5,26.3,45.6,47.7,26.4,46.65
2022-07-17T09:23:17,26.4,26.3,45.6,47.8,26.35,46.7
2022-07-17T09:23:22,26.5,26.4,45.6,47.0,26.45,46.3
2022-07-17T09:23:28,26.4,26.3,45.7,47.4,26.35,46.55
2022-07-17T09:23:33,26.5,26.4,45.5,46.7,26.45,46.1
2022-07-17T09:23:39,26.6,26.4,45.5,47.1,26.5,46.3
2022-07-17T09:23:45,26.5,26.4,45.6,46.8,26.45,46.2
2022-07-17T09:23:50,26.5,26.4,45.5,46.8,26.45,46.15
2022-07-17T09:23:56,26.5,26.5,45.3,47.0,26.5,46.15
2022-07-17T09:24:01,26.5,26.5,45.3,46.9,26.5,46.1
2022-07-17T09:24:07,26.6,26.5,45.3,47.0,26.55,46.15
2022-07-17T09:24:12,26.6,26.5,45.5,46.8,26.55,46.15
2022-07-17T09:24:18,26.6,26.5,45.5,46.9,26.55,46.2
2022-07-17T09:24:23,26.5,26.5,45.3,46.8,26.5,46.05
2022-07-17T09:24:29,26.5,26.5,45.4,46.8,26.5,46.1
2022-07-17T09:24:34,26.6,26.5,45.5,47.1,26.55,46.3
2022-07-17T09:24:40,26.6,,45.7,,26.6,45.7
2022-07-17T09:24:45,26.6,26.5,45.7,47.3,26.55,46.5
2022-07-17T09:24:51,26.6,26.5,45.5,47.2,26.55,46.35
2022-07-17T09:24:56,26.5,26.5,45.6,47.0,26.5,46.3
2022-07-17T09:25:02,26.5,26.5,45.7,47.0,26.5,46.35
2022-07-17T09:25:07,,26.4,,47.3,26.4,47.3
2022-07-17T09:25:13,26.5,26.5,45.9,47.2,26.5,46.55
2022-07-17T09:25:18,26.6,26.4,45.7,46.8,26.5,46.25
2022-07-17T09:25:24,26.5,26.5,45.5,47.0,26.5,46.25
2022-07-17T09:25:29,26.5,26.5,45.5,47.0,26.5,46.25
2022-07-17T09:25:35,26.5,26.4,45.7,47.1,26.45,46.4
2022-07-17T09:25:41,26.5,26.4,45.5,47.1,26.45,46.3
2022-07-17T09:25:46,26.5,26.4,45.5,46.9,26.45,46.2
2022-07-17T09:25:52,26.6,26.4,45.6,46.9,26.5,46.25
2022-07-17T09:25:57,26.5,26.4,45.7,47.0,26.45,46.35
2022-07-17T09:26:03,26.5,26.3,45.6,47.6,26.4,46.6
2022-07-17T09:26:08,26.5,26.4,45.7,47.0,26.45,46.35
2022-07-17T09:26:14,26.5,26.4,45.8,47.2,26.45,46.5
2022-07-17T09:26:19,26.6,26.4,45.8,47.2,26.5,46.5
2022-07-17T09:26:25,26.6,26.5,45.8,47.4,26.55,46.6
2022-07-17T09:26:30,26.5,26.4,45.9,47.1,26.45,46.5
2022-07-17T09:26:36,26.6,26.4,45.8,47.1,26.5,46.45
2022-07-17T09:26:41,26.5,26.4,45.7,47.1,26.45,46.4
2022-07-17T09:26:47,26.6,26.5,45.7,47.1,26.55,46.4
2022-07-17T09:26:52,26.6,26.4,45.8,47.2,26.5,46.5
2022-07-17T09:26:58,26.6,26.5,45.8,47.3,26.55,46.55
2022-07-17T09:27:03,26.6,26.5,45.7,47.2,26.55,46.45
2022-07-17T09:27:09,26.6,26.5,45.6,47.1,26.55,46.35
2022-07-17T09:27:14,26.6,26.5,45.7,47.0,26.55,46.35
2022-07-17T09:27:20,26.6,26.5,45.7,47.2,26.55,46.45
2022-07-17T09:27:25,26.6,26.5,45.8,47.0,26.55,46.4
2022-07-17T09:27:31,26.6,26.6,45.8,47.3,26.6,46.55
2022-07-17T09:27:37,26.7,26.6,45.7,47.2,26.65,46.45
2022-07-17T09:27:42,26.7,26.6,45.7,47.1,26.65,46.4
2022-07-17T09:27:48,26.7,26.7,45.5,46.8,26.7,46.15
2022-07-17T09:27:53,26.7,26.6,45.3,46.7,26.65,46.0
2022-07-17T09:27:59,26.8,26.7,45.3,46.6,26.75,45.95
2022-07-17T09:28:04,26.7,26.6,45.3,46.5,26.65,45.9
2022-07-17T09:28:10,26.7,26.6,45.5,46.8,26.65,46.15
2022-07-17T09:28:15,26.7,26.7,45.5,47.0,26.7,46.25
2022-07-17T09:28:21,26.8,26.6,45.3,47.1,26.7,46.2
2022-07-17T09:28:26,26.8,26.7,45.4,46.8,26.75,46.1
2022-07-17T09:28:32,26.8,26.7,45.4,46.7,26.75,46.05
2022-07-17T09:28:37,26.8,26.7,45.2,46.7,26.75,45.95
2022-07-17T09:28:43,26.8,26.7,45.4,46.9,26.75,46.15
2022-07-17T09:28:48,26.8,26.6,45.5,47.0,26.7,46.25
2022-07-17T09:28:54,26.8,26.7,45.6,46.9,26.75,46.25
2022-07-17T09:28:59,26.8,26.7,45.4,47.1,26.75,46.25
2022-07-17T09:29:05,26.8,26.7,45.7,47.3,26.75,46.5
2022-07-17T09:29:10,26.8,26.7,45.8,47.1,26.75,46.45
2022-07-17T09:29:16,26.8,26.7,45.7,46.9,26.75,46.3
2022-07-17T09:29:21,26.8,26.7,45.6,47.0,26.75,46.3
2022-07-17T09:29:27,26.8,,45.7,,26.8,45.7
2022-07-17T09:29:33,26.8,26.8,45.5,47.0,26.8,46.25
2022-07-17T09:29:38,26.8,26.7,45.5,47.0,26.75,46.25
2022-07-17T09:29:44,26.9,26.8,45.8,47.2,26.85,46.5
2022-07-17T09:29:49,26.9,26.8,45.8,47.1,26.85,46.45
2022-07-17T09:29:55,26.9,26.8,46.0,47.2,26.85,46.6
2022-07-17T09:30:00,26.9,26.8,45.7,46.8,26.85,46.25
2022-07-17T09:30:06,26.9,26.8,45.6,47.1,26.85,46.35
2022-07-17T09:30:11,26.9,26.8,45.6,46.8,26.85,46.2
2022-07-17T09:30:17,26.9,26.8,45.3,46.8,26.85,46.05
2022-07-17T09:30:22,27.0,26.8,45.4,46.7,26.9,46.05
2022-07-17T09:30:28,27.0,27.0,45.1,46.7,27.0,45.9
2022-07-17T09:30:33,27.0,26.9,45.2,46.6,26.95,45.9
2022-07-17T09:30:39,27.0,27.0,45.2,46.9,27.0,46.05
2022-07-17T09:30:44,27.0,27.0,45.3,46.8,27.0,46.05
2022-07-17T09:30:50,27.1,27.0,45.1,46.7,27.05,45.9
2022-07-17T09:30:55,27.1,27.0,45.2,46.8,27.05,46.0
2022-07-17T09:31:01,27.1,26.9,45.3,46.6,27.0,45.95
2022-07-17T09:31:06,27.2,26.9,45.0,46.6,27.05,45.8
2022-07-17T09:31:12,27.1,27.0,45.1,46.4,27.05,45.75
2022-07-17T09:31:17,27.0,26.9,45.1,46.6,26.95,45.85
2022-07-17T09:31:23,27.0,26.9,45.1,46.4,26.95,45.75
2022-07-17T09:31:29,26.9,27.0,45.2,46.6,26.95,45.9
2022-07-17T09:31:34,27.0,27.0,45.3,46.5,27.0,45.9
2022-07-17T09:31:40,27.0,26.9,45.6,46.8,26.95,46.2
2022-07-17T09:31:45,27.1,26.9,45.4,47.0,27.0,46.2
2022-07-17T09:31:51,27.0,26.9,45.3,46.8,26.95,46.05
2022-07-17T09:31:56,27.0,26.9,45.3,46.7,26.95,46.0
2022-07-17T09:32:02,27.1,26.9,45.4,46.7,27.0,46.05
2022-07-17T09:32:07,27.0,26.9,45.3,46.6,26.95,45.95
2022-07-17T09:32:13,27.0,26.9,45.1,46.7,26.95,45.9
2022-07-17T09:32:18,27.1,26.9,45.3,46.7,27.0,46.0
2022-07-17T09:32:24,27.0,26.9,45.3,46.6,26.95,45.95
2022-07-17T09:32:29,27.0,26.9,45.5,46.8,26.95,46.15
2022-07-17T09:32:35,26.9,26.9,45.4,46.8,26.9,46.1
2022-07-17T09:32:40,27.0,26.9,45.4,46.9,26.95,46.15
2022-07-17T09:32:46,26.9,26.8,45.5,46.8,26.85,46.15
2022-07-17T09:32:51,26.9,26.8,45.3,46.7,26.85,46.0
2022-07-17T09:32:57,27.0,26.9,45.3,46.5,26.95,45.9
2022-07-17T09:33:02,27.0,26.9,45.0,46.7,26.95,45.85
2022-07-17T09:33:08,26.9,26.9,45.3,46.4,26.9,45.85
2022-07-17T09:33:13,27.0,26.9,45.3,46.7,26.95,46.0
2022-07-17T09:33:19,27.0,26.9,45.0,46.7,26.95,45.85
2022-07-17T09:33:25,27.1,26.8,44.8,46.5,26.95,45.65
2022-07-17T09:33:30,26.9,26.9,44.9,46.5,26.9,45.7
2022-07-17T09:33:36,27.0,26.9,44.7,46.3,26.95,45.5
2022-07-17T09:33:41,27.0,26.9,45.1,46.6,26.95,45.85
2022-07-17T09:33:47,27.0,26.9,45.0,46.4,26.95,45.7
2022-07-17T09:33:52,27.0,26.9,44.9,46.3,26.95,45.6
2022-07-17T09:33:58,27.0,26.9,45.1,46.4,26.95,45.75
2022-07-17T09:34:03,27.0,26.9,45.1,46.2,26.95,45.65
2022-07-17T09:34:09,27.0,26.9,45.2,46.6,26.95,45.9
2022-07-17T09:34:14,27.0,26.8,45.2,46.5,26.9,45.85
2022-07-17T09:34:20,26.9,26.8,45.2,46.5,26.85,45.85
2022-07-17T09:34:25,26.9,26.8,45.2,46.5,26.85,45.85
2022-07-17T09:34:31,26.9,26.8,45.2,46.5,26.85,45.85
2022-07-17T09:34:36,26.9,26.8,45.1,46.5,26.85,45.8
2022-07-17T09:34:42,26.9,26.7,45.3,46.4,26.8,45.85
2022-07-17T09:34:47,26.9,26.8,45.2,47.0,26.85,46.1
2022-07-17T09:34:53,26.8,26.8,45.2,46.8,26.8,46.0
2022-07-17T09:34:58,26.9,26.7,45.4,46.8,26.8,46.1
2022-07-17T09:35:04,26.9,26.8,45.2,46.6,26.85,45.9
2022-07-17T09:35:09,26.9,26.8,45.1,46.8,26.85,45.95
2022-07-17T09:35:15,27.0,26.8,45.3,46.8,26.9,46.05
2022-07-17T09:35:21,27.0,26.8,45.3,46.7,26.9,46.0
2022-07-17T09:35:26,26.9,26.9,45.4,46.9,26.9,46.15
2022-07-17T09:35:32,27.0,,45.6,,27.0,45.6
2022-07-17T09:35:37,27.0,26.9,45.1,46.7,26.95,45.9
2022-07-17T09:35:43,,26.9,,46.5,26.9,46.5
2022-07-17T09:35:48,27.1,26.9,45.3,46.7,27.0,46.0
2022-07-17T09:35:54,27.1,27.0,45.2,46.6,27.05,45.9
2022-07-17T09:35:59,27.0,26.9,44.8,46.8,26.95,45.8
2022-07-17T09:36:05,27.0,27.0,45.1,46.6,27.0,45.85
2022-07-17T09:36:10,27.0,26.9,45.0,46.6,26.95,45.8
2022-07-17T09:36:16,27.0,27.0,45.1,46.5,27.0,45.8
2022-07-17T09:36:21,27.1,27.0,45.4,46.6,27.05,46.0
2022-07-17T09:36:27,27.1,26.9,45.5,46.7,27.0,46.1
2022-07-17T09:36:32,27.0,27.0,45.2,46.7,27.0,45.95
2022-07-17T09:36:38,27.1,27.0,45.3,46.6,27.05,45.95
2022-07-17T09:36:43,,27.1,,46.7,27.1,46.7
2022-07-17T09:36:49,27.3,27.1,45.1,46.6,27.2,45.85
2022-07-17T09:36:54,27.1,27.2,45.3,46.4,27.15,45.85
2022-07-17T09:37:00,27.2,27.1,44.9,46.4,27.15,45.65
2022-07-17T09:37:05,27.2,27.1,44.9,46.4,27.15,45.65
2022-07-17T09:37:11,27.3,27.1,44.7,46.0,27.2,45.35
2022-07-17T09:37:16,27.3,27.1,44.8,46.3,27.2,45.55
2022-07-17T09:37:22,27.3,27.1,44.6,45.9,27.2,45.25
2022-07-17T09:37:28,27.2,27.1,44.5,46.1,27.15,45.3
2022-07-17T09:37:33,27.2,27.2,44.5,46.0,27.2,45.25
2022-07-17T09:37:39,27.2,27.1,44.6,46.1,27.15,45.35
2022-07-17T09:37:44,27.3,27.1,44.3,46.1,27.2,45.2
2022-07-17T09:37:50,27.3,27.2,44.6,45.9,27.25,45.25
2022-07-17T09:37:55,27.3,27.1,44.6,45.9,27.2,45.25
2022-07-17T09:38:01,27.2,27.1,44.4,45.9,27.15,45.15
2022-07-17T09:38:06,27.2,27.1,44.3,45.9,27.15,45.1
2022-07-17T09:38:12,27.2,27.0,44.3,45.8,27.1,45.05
2022-07-17T09:38:17,27.2,27.0,44.4,45.8,27.1,45.1
2022-07-17T09:38:23,27.1,27.0,44.4,45.7,27.05,45.05
2022-07-17T09:38:28,27.2,27.1,44.3,45.8,27.15,45.05
2022-07-17T09:38:34,27.1,27.0,44.5,46.0,27.05,45.25
2022-07-17T09:38:39,27.2,27.0,44.7,46.2,27.1,45.45
2022-07-17T09:38:45,27.1,27.0,44.8,46.3,27.05,45.55
2022-07-17T09:38:50,27.2,27.1,45.0,46.2,27.15,45.6
2022-07-17T09:38:56,27.1,27.0,44.9,46.5,27.05,45.7
2022-07-17T09:39:01,27.2,27.0,45.1,46.5,27.1,45.8
2022-07-17T09:39:07,27.2,26.9,45.0,46.5,27.05,45.75
2022-07-17T09:39:12,27.2,27.1,45.2,46.6,27.15,45.9
2022-07-17T09:39:18,27.2,27.1,45.0,46.5,27.15,45.75
2022-07-17T09:39:24,27.2,27.1,45.2,46.6,27.15,45.9
2022-07-17T09:39:29,27.2,27.1,45.2,46.6,27.15,45.9
2022-07-17T09:39:35,27.2,27.1,45.2,46.3,27.15,45.75
2022-07-17T09:39:40,27.3,27.1,45.0,46.7,27.2,45.85
2022-07-17T09:39:46,27.3,27.2,45.1,46.6,27.25,45.85
2022-07-17T09:39:51,27.3,27.2,44.9,46.6,27.25,45.75
2022-07-17T09:39:57,27.4,27.3,44.5,46.1,27.35,45.3
2022-07-17T09:40:02,27.3,27.2,44.3,45.8,27.25,45.05
2022-07-17T09:40:08,27.3,27.2,43.8,45.6,27.25,44.7
2022-07-17T09:40:13,27.3,27.1,43.9,45.2,27.2,44.55
2022-07-17T09:40:19,27.2,27.2,43.8,45.4,27.2,44.6
2022-07-17T09:40:24,27.3,27.1,43.8,45.7,27.2,44.75
2022-07-17T09:40:30,27.3,27.1,44.1,45.6,27.2,44.85
2022-07-17T09:40:35,27.3,27.1,44.2,45.5,27.2,44.85
2022-07-17T09:40:41,27.2,27.2,44.1,45.6,27.2,44.85
2022-07-17T09:40:46,27.3,27.1,44.0,45.4,27.2,44.7
2022-07-17T09:40:52,27.2,27.1,44.2,45.5,27.15,44.85
2022-07-17T09:40:57,27.2,27.0,44.0,45.6,27.1,44.8
2022-07-17T09:41:03,27.1,27.1,44.1,45.5,27.1,44.8
2022-07-17T09:41:08,27.2,,44.3,,27.2,44.3
2022-07-17T09:41:14,27.1,27.0,44.2,45.8,27.05,45.0
2022-07-17T09:41:20,27.1,27.0,43.9,45.5,27.05,44.7
2022-07-17T09:41:25,27.1,26.9,44.1,45.5,27.0,44.8
2022-07-17T09:41:31,27.1,26.8,44.1,45.5,26.95,44.8
2022-07-17T09:41:36,27.0,26.9,44.1,45.3,26.95,44.7
2022-07-17T09:41:42,27.0,26.9,44.4,46.0,26.95,45.2
2022-07-17T09:41:47,27.0,26.8,44.4,45.9,26.9,45.15
2022-07-17T09:41:53,27.0,26.9,44.4,45.9,26.95,45.15
2022-07-17T09:41:58,27.0,26.7,44.1,45.7,26.85,44.9
2022-07-17T09:42:04,27.0,26.7,44.1,45.8,26.85,44.95
2022-07-17T09:42:09,27.0,26.8,44.4,46.1,26.9,45.25
2022-07-17T09:42:15,26.9,26.7,44.6,46.0,26.8,45.3
2022-07-17T09:42:20,26.8,26.6,44.7,46.3,26.7,45.5
2022-07-17T09:42:26,,26.6,,46.2,26.6,46.2
2022-07-17T09:42:31,26.8,26.6,44.5,46.2,26.7,45.35
2022-07-17T09:42:37,26.7,26.6,44.8,46.4,26.65,45.6
2022-07-17T09:42:42,26.8,26.6,44.7,46.6,26.7,45.65
2022-07-17T09:42:48,26.8,26.7,45.0,46.4,26.75,45.7
2022-07-17T09:42:53,26.8,26.7,45.0,46.3,26.75,45.65
2022-07-17T09:42:59,26.8,26.7,44.6,46.0,26.75,45.3
2022-07-17T09:43:04,26.8,26.6,44.6,46.1,26.7,45.35
2022-07-17T09:43:10,26.9,26.7,44.7,45.8,26.8,45.25
2022-07-17T09:43:16,26.8,26.7,44.8,46.2,26.75,45.5
2022-07-17T09:43:21,26.8,26.8,44.8,46.2,26.8,45.5
2022-07-17T09:43:27,26.9,26.8,45.2,46.3,26.85,45.75
2022-07-17T09:43:32,26.9,26.8,44.9,46.3,26.85,45.6
2022-07-17T09:43:38,26.9,26.8,44.8,46.5,26.85,45.65
2022-07-17T09:43:43,26.9,26.8,44.7,45.9,26.85,45.3
2022-07-17T09:43:49,26.9,26.8,44.4,46.2,26.85,45.3
2022-07-17T09:43:54,26.9,26.9,45.1,46.4,26.9,45.75
2022-07-17T09:44:00,26.9,26.9,44.9,46.2,26.9,45.55
2022-07-17T09:44:05,26.9,26.8,44.6,46.4,26.85,45.5
2022-07-17T09:44:11,26.9,26.9,44.9,46.2,26.9,45.55
2022-07-17T09:44:16,27.0,26.8,44.8,46.2,26.9,45.5
2022-07-17T09:44:22,27.0,26.9,44.6,46.2,26.95,45.4
2022-07-17T09:44:27,27.0,26.8,44.7,46.4,26.9,45.55
2022-07-17T09:44:33,27.0,26.8,44.7,46.0,26.9,45.35
2022-07-17T09:44:38,27.1,26.9,44.8,46.0,27.0,45.4
2022-07-17T09:44:44,26.9,26.9,44.6,46.0,26.9,45.3
2022-07-17T09:44:49,27.0,26.9,44.3,45.6,26.95,44.95
2022-07-17T09:44:55,27.0,26.9,44.2,45.8,26.95,45.0
2022-07-17T09:45:00,27.1,26.9,44.4,45.8,27.0,45.1
2022-07-17T09:45:06,27.0,26.9,44.3,45.8,26.95,45.05
2022-07-17T09:45:12,27.0,26.9,44.3,45.9,26.95,45.1
2022-07-17T09:45:17,27.0,,44.4,,27.0,44.4
2022-07-17T09:45:23,27.0,26.9,44.3,45.7,26.95,45.0
2022-07-17T09:45:28,27.0,26.8,44.1,45.7,26.9,44.9
2022-07-17T09:45:34,,26.8,,45.6,26.8,45.6
2022-07-17T09:45:39,26.9,26.8,44.4,45.7,26.85,45.05
2022-07-17T09:45:45,27.0,26.9,44.4,45.8,26.95,45.1
2022-07-17T09:45:50,27.0,26.9,44.4,45.8,26.95,45.1
2022-07-17T09:45:56,26.9,26.8,44.5,46.1,26.85,45.3
2022-07-17T09:46:01,,26.8,,45.9,26.8,45.9
2022-07-17T09:46:07,27.0,26.9,44.3,46.0,26.95,45.15
2022-07-17T09:46:12,26.9,26.8,44.5,45.9,26.85,45.2
2022-07-17T09:46:18,27.0,26.9,44.8,46.0,26.95,45.4
2022-07-17T09:46:23,27.0,26.9,44.5,46.0,26.95,45.25
2022-07-17T09:46:29,27.0,26.9,44.5,45.8,26.95,45.15
2022-07-17T09:46:34,27.0,26.9,44.7,45.9,26.95,45.3
2022-07-17T09:46:40,27.0,26.9,44.8,46.1,26.95,45.45
2022-07-17T09:46:45,27.0,26.9,44.7,46.1,26.95,45.4
2022-07-17T09:46:51,26.9,26.9,44.9,46.2,26.9,45.55
2022-07-17T09:46:56,27.0,26.9,44.6,46.0,26.95,45.3
2022-07-17T09:47:02,27.0,26.9,44.6,46.1,26.95,45.35
2022-07-17T09:47:08,27.0,26.9,44.8,46.0,26.95,45.4
2022-07-17T09:47:13,26.9,,44.4,,26.9,44.4
2022-07-17T09:47:19,27.0,26.9,44.4,45.6,26.95,45.0
2022-07-17T09:47:24,27.0,26.9,44.2,45.6,26.95,44.9
2022-07-17T09:47:30,26.9,26.8,44.2,45.4,26.85,44.8
2022-07-17T09:47:35,26.9,26.7,44.0,45.6,26.8,44.8
2022-07-17T09:47:41,26.9,26.7,44.2,45.5,26.8,44.85
2022-07-17T09:47:46,26.8,26.8,44.1,45.2,26.8,44.65
2022-07-17T09:47:52,26.8,26.7,43.9,45.4,26.75,44.65
2022-07-17T09:47:57,26.8,26.7,43.6,45.1,26.75,44.35
2022-07-17T09:48:03,26.8,26.7,43.6,45.1,26.75,44.35
2022-07-17T09:48:08,26.7,26.7,43.5,44.9,26.7,44.2
2022-07-17T09:48:14,26.6,26.6,43.6,45.0,26.6,44.3
2022-07-17T09:48:19,26.6,26.5,43.8,44.8,26.55,44.3
2022-07-17T09:48:25,26.6,26.6,43.3,45.0,26.6,44.15
2022-07-17T09:48:30,26.6,26.5,44.1,45.4,26.55,44.75
2022-07-17T09:48:36,26.6,26.5,43.8,45.3,26.55,44.55
2022-07-17T09:48:41,26.6,26.6,43.8,45.3,26.6,44.55
2022-07-17T09:48:47,26.6,26.5,44.0,45.3,26.55,44.65
2022-07-17T09:48:52,26.5,26.5,43.9,45.5,26.5,44.7
2022-07-17T09:48:58,26.5,26.4,44.0,45.3,26.45,44.65
2022-07-17T09:49:04,26.5,26.3,43.9,46.2,26.4,45.05
2022-07-17T09:49:09,26.6,26.4,44.1,45.6,26.5,44.85
2022-07-17T09:49:15,26.5,26.4,44.2,45.5,26.45,44.85
2022-07-17T09:49:20,26.5,26.4,44.2,45.6,26.45,44.9
2022-07-17T09:49:26,26.5,26.4,44.0,45.4,26.45,44.7
2022-07-17T09:49:31,26.5,26.4,43.8,45.4,26.45,44.6
2022-07-17T09:49:37,26.5,26.4,44.0,45.5,26.45,44.75
2022-07-17T09:49:42,26.5,26.4,44.2,45.7,26.45,44.95
2022-07-17T09:49:48,26.4,26.4,44.1,45.6,26.4,44.85
2022-07-17T09:49:53,26.6,26.5,44.1,45.3,26.55,44.7
2022-07-17T09:49:59,26.4,26.4,44.0,45.4,26.4,44.7
2022-07-17T09:50:04,26.6,26.4,44.2,45.4,26.5,44.8
2022-07-17T09:50:10,26.5,26.4,44.1,45.5,26.45,44.8
2022-07-17T09:50:15,26.6,26.4,44.0,45.5,26.5,44.75
2022-07-17T09:50:21,26.6,26.4,44.1,45.4,26.5,44.75
2022-07-17T09:50:26,26.5,26.5,44.2,45.5,26.5,44.85
2022-07-17T09:50:32,26.6,26.4,44.1,45.7,26.5,44.9
2022-07-17T09:50:37,,26.5,,45.3,26.5,45.3
2022-07-17T09:50:43,26.7,26.5,44.1,45.8,26.6,44.95
2022-07-17T09:50:49,26.7,26.5,44.1,45.5,26.6,44.8
2022-07-17T09:50:54,26.7,26.6,44.0,45.5,26.65,44.75
2022-07-17T09:51:00,26.7,26.6,44.2,45.7,26.65,44.95
2022-07-17T09:51:05,26.7,26.6,44.4,45.8,26.65,45.1
2022-07-17T09:51:11,26.8,26.6,44.4,46.0,26.7,45.2
2022-07-17T09:51:16,26.8,26.7,44.4,45.4,26.75,44.9
2022-07-17T09:51:22,26.8,26.7,44.2,45.6,26.75,44.9
2022-07-17T09:51:27,26.8,26.8,44.2,45.5,26.8,44.85
2022-07-17T09:51:33,26.8,26.7,44.0,45.3,26.75,44.65
2022-07-17T09:51:38,27.0,26.8,44.1,45.4,26.9,44.75
2022-07-17T09:51:44,26.9,26.8,44.0,45.3,26.85,44.65
2022-07-17T09:51:49,27.0,26.8,44.1,45.5,26.9,44.8
2022-07-17T09:51:55,27.0,26.8,44.0,45.3,26.9,44.65
2022-07-17T09:52:00,27.0,26.9,44.1,45.7,26.95,44.9
2022-07-17T09:52:06,27.0,26.9,43.9,45.7,26.95,44.8
2022-07-17T09:52:11,27.0,26.9,44.2,45.4,26.95,44.8
2022-07-17T09:52:17,27.0,26.9,44.1,45.5,26.95,44.8
2022-07-17T09:52:22,27.1,26.9,43.6,45.4,27.0,44.5
2022-07-17T09:52:28,27.1,27.0,43.7,45.2,27.05,44.45
2022-07-17T09:52:33,27.1,26.9,43.8,45.3,27.0,44.55
2022-07-17T09:52:39,27.1,27.0,44.0,45.4,27.05,44.7
2022-07-17T09:52:45,27.2,27.0,44.0,45.4,27.1,44.7
2022-07-17T09:52:50,27.2,27.0,44.0,45.2,27.1,44.6
2022-07-17T09:52:56,27.3,27.0,43.8,45.3,27.15,44.55
2022-07-17T09:53:01,27.3,,44.0,,27.3,44.0
2022-07-17T09:53:07,27.1,27.0,43.9,45.5,27.05,44.7
2022-07-17T09:53:12,27.2,27.1,44.2,45.3,27.15,44.75
2022-07-17T09:53:18,27.3,27.0,44.1,45.6,27.15,44.85
2022-07-17T09:53:23,27.2,27.2,43.9,45.4,27.2,44.65
2022-07-17T09:53:29,27.3,27.2,43.8,45.3,27.25,44.55
2022-07-17T09:53:34,27.3,27.1,43.6,45.0,27.2,44.3
2022-07-17T09:53:40,27.3,27.2,43.4,45.0,27.25,44.2
2022-07-17T09:53:45,27.3,27.2,43.4,44.8,27.25,44.1
2022-07-17T09:53:51,27.3,27.1,43.6,44.9,27.2,44.25
2022-07-17T09:53:56,27.3,27.2,43.5,45.0,27.25,44.25
2022-07-17T09:54:02,27.3,27.2,43.5,44.8,27.25,44.15
2022-07-17T09:54:07,27.3,27.2,43.4,45.2,27.25,44.3
2022-07-17T09:54:13,27.4,27.3,43.7,44.9,27.35,44.3
2022-07-17T09:54:18,27.4,27.2,43.7,45.0,27.3,44.35
2022-07-17T09:54:24,27.5,27.2,43.7,45.0,27.35,44.35
2022-07-17T09:54:29,27.3,27.3,43.8,45.0,27.3,44.4
2022-07-17T09:54:35,27.4,27.3,43.5,45.0,27.35,44.25
2022-07-17T09:54:41,27.4,27.2,43.6,44.9,27.3,44.25
2022-07-17T09:54:46,27.4,27.2,43.6,45.0,27.3,44.3
2022-07-17T09:54:52,27.5,27.4,43.7,44.9,27.45,44.3
2022-07-17T09:54:57,27.4,27.3,43.3,45.1,27.35,44.2
2022-07-17T09:55:03,27.5,27.3,43.7,45.1,27.4,44.4
2022-07-17T09:55:08,27.5,27.3,43.8,45.1,27.4,44.45
2022-07-17T09:55:14,27.5,27.3,43.7,45.3,27.4,44.5
2022-07-17T09:55:19,27.5,27.3,43.4,44.9,27.4,44.15
2022-07-17T09:55:25,27.5,27.4,43.7,45.0,27.45,44.35
2022-07-17T09:55:30,27.5,27.4,43.9,45.1,27.45,44.5
2022-07-17T09:55:36,27.6,27.3,43.5,44.7,27.45,44.1
2022-07-17T09:55:41,27.5,27.3,43.0,44.4,27.4,43.7
2022-07-17T09:55:47,27.5,27.3,42.6,44.3,27.4,43.45
2022-07-17T09:55:52,27.5,27.2,42.7,43.9,27.35,43.3
2022-07-17T09:55:58,27.5,27.3,42.6,44.3,27.4,43.45
2022-07-17T09:56:03,27.4,27.3,42.7,44.3,27.35,43.5
2022-07-17T09:56:09,27.5,27.2,43.0,44.4,27.35,43.7
2022-07-17T09:56:14,27.5,27.2,42.8,44.3,27.35,43.55
2022-07-17T09:56:20,27.5,27.3,42.7,44.4,27.4,43.55
2022-07-17T09:56:25,27.5,27.3,43.0,44.0,27.4,43.5
2022-07-17T09:56:31,27.5,27.3,42.9,44.3,27.4,43.6
2022-07-17T09:56:37,27.4,27.2,42.9,44.2,27.3,43.55
2022-07-17T09:56:42,27.5,27.3,43.0,44.2,27.4,43.6
2022-07-17T09:56:48,27.6,27.3,42.9,44.2,27.45,43.55
2022-07-17T09:56:53,,27.3,,44.5,27.3,44.5
2022-07-17T09:56:59,27.6,27.4,43.4,44.6,27.5,44.0
2022-07-17T09:57:04,27.5,27.3,43.4,45.0,27.4,44.2
2022-07-17T09:57:10,27.6,,43.3,,27.6,43.3
2022-07-17T09:57:15,27.6,27.4,43.1,44.8,27.5,43.95
2022-07-17T09:57:21,27.6,27.4,43.3,44.9,27.5,44.1
2022-07-17T09:57:26,27.6,27.4,43.1,44.6,27.5,43.85
2022-07-17T09:57:32,27.6,27.3,43.0,44.3,27.45,43.65
2022-07-17T09:57:37,27.6,27.4,43.0,44.5,27.5,43.75
2022-07-17T09:57:43,27.6,27.4,42.8,44.5,27.5,43.65
2022-07-17T09:57:48,27.6,27.4,42.9,44.3,27.5,43.6
2022-07-17T09:57:54,27.6,27.4,43.1,44.5,27.5,43.8
2022-07-17T09:57:59,27.7,27.5,43.2,44.7,27.6,43.95
2022-07-17T09:58:05,27.7,27.5,43.2,44.8,27.6,44.0
2022-07-17T09:58:10,27.6,27.4,43.1,44.5,27.5,43.8
2022-07-17T09:58:16,27.7,27.4,43.1,44.6,27.55,43.85
2022-07-17T09:58:21,27.6,27.5,43.2,44.5,27.55,43.85
2022-07-17T09:58:27,27.7,27.5,43.1,44.5,27.6,43.8
2022-07-17T09:58:33,27.7,27.4,43.1,44.2,27.55,43.65
2022-07-17T09:58:38,27.7,27.4,43.1,44.4,27.55,43.75
2022-07-17T09:58:44,27.7,27.4,43.0,44.4,27.55,43.7
2022-07-17T09:58:49,27.7,27.5,43.3,44.5,27.6,43.9
2022-07-17T09:58:55,27.7,27.4,43.2,44.6,27.55,43.9
2022-07-17T09:59:00,27.7,27.5,43.6,45.1,27.6,44.35
2022-07-17T09:59:06,27.7,27.5,43.9,45.0,27.6,44.45
2022-07-17T09:59:11,27.7,27.5,43.3,44.6,27.6,43.95
2022-07-17T09:59:17,27.7,27.4,42.9,44.5,27.55,43.7
2022-07-17T09:59:22,27.7,27.4,42.9,44.4,27.55,43.65
2022-07-17T09:59:28,27.6,27.4,42.7,44.4,27.5,43.55
2022-07-17T09:59:33,27.7,27.4,42.9,44.3,27.55,43.6
2022-07-17T09:59:39,27.7,27.4,43.2,44.4,27.55,43.8
2022-07-17T09:59:44,27.7,27.4,43.3,44.9,27.55,44.1
2022-07-17T09:59:50,27.6,27.4,43.2,44.6,27.5,43.9
2022-07-17T09:59:55,27.7,27.5,43.2,44.7,27.6,43.95
2022-07-17T10:00:01,27.7,27.4,43.2,44.8,27.55,44.0
2022-07-17T10:00:06,27.6,27.4,43.2,44.8,27.5,44.0
2022-07-17T10:00:12,27.7,27.5,43.3,44.7,27.6,44.0
2022-07-17T10:00:17,27.7,27.5,43.3,44.8,27.6,44.05
2022-07-17T10:00:23,27.6,27.4,43.1,44.7,27.5,43.9
2022-07-17T10:00:29,27.6,27.5,43.0,44.5,27.55,43.75
2022-07-17T10:00:34,27.7,27.4,43.1,44.6,27.55,43.85
2022-07-17T10:00:40,27.7,27.4,43.1,44.7,27.55,43.9
2022-07-17T10:00:45,27.7,27.5,43.2,44.7,27.6,43.95
2022-07-17T10:00:51,27.7,27.5,43.5,44.9,27.6,44.2
2022-07-17T10:00:56,27.7,27.5,43.3,44.8,27.6,44.05
2022-07-17T10:01:02,27.8,27.6,43.5,44.9,27.7,44.2
2022-07-17T10:01:07,27.8,27.6,43.5,44.9,27.7,44.2
2022-07-17T10:01:13,27.8,27.6,43.3,44.4,27.7,43.85
2022-07-17T10:01:18,27.8,27.6,43.0,44.3,27.7,43.65
2022-07-17T10:01:24,27.9,27.6,42.8,44.1,27.75,43.45
2022-07-17T10:01:29,27.8,27.7,42.7,44.0,27.75,43.35
2022-07-17T10:01:35,27.9,27.6,42.5,44.1,27.75,43.3
2022-07-17T10:01:40,27.8,27.6,42.6,44.0,27.7,43.3
2022-07-17T10:01:46,27.8,27.6,42.6,44.1,27.7,43.35
2022-07-17T10:01:51,27.9,27.6,42.9,44.4,27.75,43.65
2022-07-17T10:01:57,27.8,27.5,43.0,44.5,27.65,43.75
2022-07-17T10:02:02,27.8,27.5,43.1,44.4,27.65,43.75
2022-07-17T10:02:08,27.8,27.5,43.0,44.0,27.65,43.5
2022-07-17T10:02:13,27.8,27.6,42.9,44.5,27.7,43.7
2022-07-17T10:02:19,27.8,27.6,43.1,44.3,27.7,43.7
2022-07-17T10:02:25,27.8,27.6,43.2,44.4,27.7,43.8
2022-07-17T10:02:30,27.8,27.5,43.1,44.5,27.65,43.8
2022-07-17T10:02:36,27.9,27.6,43.1,44.3,27.75,43.7
2022-07-17T10:02:41,27.8,27.6,43.0,44.5,27.7,43.75
2022-07-17T10:02:47,27.8,27.6,43.1,44.4,27.7,43.75
2022-07-17T10:02:52,27.7,27.5,43.1,44.0,27.6,43.55
2022-07-17T10:02:58,27.8,27.6,42.8,44.4,27.7,43.6
2022-07-17T10:03:03,27.7,27.5,43.1,44.3,27.6,43.7
2022-07-17T10:03:09,27.8,27.6,43.1,44.4,27.7,43.75
2022-07-17T10:03:14,27.8,27.6,43.0,44.7,27.7,43.85
2022-07-17T10:03:20,27.9,27.5,43.2,44.5,27.7,43.85
2022-07-17T10:03:25,27.8,27.6,43.0,44.5,27.7,43.75
2022-07-17T10:03:31,27.9,27.7,42.9,44.4,27.8,43.65
2022-07-17T10:03:36,27.9,27.6,43.0,44.2,27.75,43.6
2022-07-17T10:03:42,27.9,27.6,42.8,44.4,27.75,43.6
2022-07-17T10:03:47,27.9,27.7,42.8,44.3,27.8,43.55
2022-07-17T10:03:53,27.9,27.7,43.0,44.5,27.8,43.75
2022-07-17T10:03:58,27.8,27.6,43.0,44.6,27.7,43.8
2022-07-17T10:04:04,27.8,27.6,43.3,44.8,27.7,44.05
2022-07-17T10:04:09,27.8,27.5,43.0,44.5,27.65,43.75
2022-07-17T10:04:15,27.7,27.5,43.1,44.5,27.6,43.8
2022-07-17T10:04:21,27.8,27.5,43.0,44.5,27.65,43.75
2022-07-17T10:04:26,27.7,27.5,42.9,44.4,27.6,43.65
2022-07-17T10:04:32,27.8,27.6,43.0,44.4,27.7,43.7
2022-07-17T10:04:37,27.8,27.5,42.9,44.4,27.65,43.65
2022-07-17T10:04:43,27.8,27.6,43.0,44.4,27.7,43.7
2022-07-17T10:04:48,27.8,27.5,43.3,44.2,27.65,43.75
2022-07-17T10:04:54,27.8,27.6,43.3,44.7,27.7,44.0
2022-07-17T10:04:59,27.8,27.5,43.1,44.7,27.65,43.9
2022-07-17T10:05:05,27.8,27.6,43.2,44.5,27.7,43.85
2022-07-17T10:05:10,27.9,27.6,42.9,44.9,27.75,43.9
2022-07-17T10:05:16,27.9,27.6,43.1,44.3,27.75,43.7
2022-07-17T10:05:21,27.8,27.6,42.9,44.2,27.7,43.55
2022-07-17T10:05:27,27.9,27.6,42.8,44.4,27.75,43.6
2022-07-17T10:05:32,27.8,27.6,42.9,44.4,27.7,43.65
2022-07-17T10:05:38,27.8,27.6,42.7,44.2,27.7,43.45
2022-07-17T10:05:43,27.8,27.6,42.7,44.0,27.7,43.35
2022-07-17T10:05:49,27.9,27.6,42.4,44.0,27.75,43.2
2022-07-17T10:05:54,27.9,27.6,42.8,44.1,27.75,43.45
2022-07-17T10:06:00,27.9,27.6,42.6,44.3,27.75,43.45
2022-07-17T10:06:05,27.9,27.6,42.7,44.4,27.75,43.55
2022-07-17T10:06:11,27.9,27.7,42.8,44.0,27.8,43.4
2022-07-17T10:06:16,27.9,27.7,43.1,44.1,27.8,43.6
2022-07-17T10:06:22,27.9,27.7,43.0,44.3,27.8,43.65
2022-07-17T10:06:28,28.0,27.7,42.8,44.4,27.85,43.6
2022-07-17T10:06:33,27.9,27.8,43.0,44.1,27.85,43.55
2022-07-17T10:06:39,27.9,27.7,43.1,44.2,27.8,43.65
2022-07-17T10:06:44,27.9,27.8,42.9,44.3,27.85,43.6
2022-07-17T10:06:50,28.0,27.8,42.7,44.2,27.9,43.45
2022-07-17T10:06:55,28.0,27.9,42.9,44.2,27.95,43.55
2022-07-17T10:07:01,28.0,27.9,42.5,43.9,27.95,43.2
2022-07-17T10:07:06,28.0,28.0,42.4,43.6,28.0,43.0
2022-07-17T10:07:12,,27.9,,43.7,27.9,43.7
2022-07-17T10:07:17,28.1,28.1,42.7,44.1,28.1,43.4
2022-07-17T10:07:23,28.1,28.0,42.7,43.9,28.05,43.3
2022-07-17T10:07:28,28.2,28.1,42.7,43.9,28.15,43.3
2022-07-17T10:07:34,28.2,28.1,42.6,43.9,28.15,43.25
2022-07-17T10:07:39,28.2,28.1,42.3,43.4,28.15,42.85
2022-07-17T10:07:45,28.1,28.1,42.3,43.4,28.1,42.85
2022-07-17T10:07:50,28.2,28.2,42.0,43.4,28.2,42.7
2022-07-17T10:07:56,28.2,28.2,42.0,43.4,28.2,42.7
2022-07-17T10:08:01,28.2,28.2,42.2,43.3,28.2,42.75
2022-07-17T10:08:07,28.3,28.2,42.1,43.5,28.25,42.8
2022-07-17T10:08:12,28.3,28.2,42.0,43.2,28.25,42.6
2022-07-17T10:08:18,28.3,28.2,42.1,43.3,28.25,42.7
2022-07-17T10:08:24,28.3,28.3,42.1,43.2,28.3,42.65
2022-07-17T10:08:29,28.3,28.3,41.7,43.0,28.3,42.35
2022-07-17T10:08:35,28.2,28.3,41.8,42.8,28.25,42.3
2022-07-17T10:08:40,28.3,28.3,41.4,42.7,28.3,42.05
2022-07-17T10:08:46,28.3,28.2,41.2,42.7,28.25,41.95
2022-07-17T10:08:51,28.4,28.2,41.2,42.5,28.3,41.85
2022-07-17T10:08:57,28.3,28.3,41.1,42.4,28.3,41.75
2022-07-17T10:09:02,28.3,28.2,41.4,42.6,28.25,42.0
2022-07-17T10:09:08,28.3,28.3,41.5,42.7,28.3,42.1
2022-07-17T10:09:13,28.4,28.3,41.6,42.9,28.35,42.25
2022-07-17T10:09:19,28.3,28.3,41.9,42.9,28.3,42.4
2022-07-17T10:09:24,28.4,28.3,41.5,42.8,28.35,42.15
2022-07-17T10:09:30,28.4,28.3,41.4,42.6,28.35,42.0
2022-07-17T10:09:35,28.5,28.3,41.4,42.4,28.4,41.9
2022-07-17T10:09:41,28.5,28.4,41.5,42.6,28.45,42.05
2022-07-17T10:09:46,28.5,28.5,41.2,42.3,28.5,41.75
2022-07-17T10:09:52,28.5,28.4,41.4,42.5,28.45,41.95
2022-07-17T10:09:57,28.6,28.5,41.5,42.2,28.55,41.85
2022-07-17T10:10:03,28.5,28.6,41.4,42.3,28.55,41.85
2022-07-17T10:10:08,28.5,28.5,41.1,42.1,28.5,41.6
2022-07-17T10:10:14,28.6,28.5,41.0,42.1,28.55,41.55
2022-07-17T10:10:20,28.6,28.6,41.2,42.2,28.6,41.7
2022-07-17T10:10:25,28.7,28.5,41.4,42.5,28.6,41.95
2022-07-17T10:10:31,28.7,28.6,41.4,42.7,28.65,42.05
2022-07-17T10:10:36,28.7,28.6,41.4,42.6,28.65,42.0
2022-07-17T10:10:42,28.6,28.6,42.0,42.9,28.6,42.45
2022-07-17T10:10:47,28.6,28.6,42.0,43.1,28.6,42.55
2022-07-17T10:10:53,28.6,28.6,42.2,43.3,28.6,42.75
2022-07-17T10:10:58,28.6,28.6,42.0,43.0,28.6,42.5
2022-07-17T10:11:04,28.7,28.6,41.6,42.7,28.65,42.15
2022-07-17T10:11:09,28.7,28.5,41.2,42.4,28.6,41.8
2022-07-17T10:11:15,28.6,28.6,41.3,42.1,28.6,41.7
2022-07-17T10:11:20,28.6,28.5,40.9,42.0,28.55,41.45
2022-07-17T10:11:26,28.5,28.5,40.7,42.1,28.5,41.4
2022-07-17T10:11:31,28.6,28.5,40.9,42.3,28.55,41.6
2022-07-17T10:11:37,28.5,28.4,40.8,41.9,28.45,41.35
2022-07-17T10:11:42,28.5,28.4,41.0,42.2,28.45,41.6
2022-07-17T10:11:48,28.3,28.3,41.4,42.2,28.3,41.8
2022-07-17T10:11:53,28.4,28.3,41.4,42.4,28.35,41.9
2022-07-17T10:11:59,28.4,28.3,41.2,42.4,28.35,41.8
2022-07-17T10:12:04,28.3,28.2,41.3,42.6,28.25,41.95
2022-07-17T10:12:10,28.3,28.3,41.7,42.4,28.3,42.05
2022-07-17T10:12:16,28.3,28.3,41.5,42.6,28.3,42.05
2022-07-17T10:12:21,28.3,28.3,41.5,42.5,28.3,42.0
2022-07-17T10:12:27,28.3,28.2,41.4,42.4,28.25,41.9
2022-07-17T10:12:32,28.4,28.3,41.5,42.5,28.35,42.0
2022-07-17T10:12:38,28.4,28.3,41.4,42.3,28.35,41.85
2022-07-17T10:12:43,28.4,28.3,41.2,42.6,28.35,41.9
2022-07-17T10:12:49,28.3,28.3,41.5,42.7,28.3,42.1
2022-07-17T10:12:54,28.4,28.3,41.6,43.0,28.35,42.3
2022-07-17T10:13:00,28.3,28.3,41.6,42.9,28.3,42.25
2022-07-17T10:13:05,28.4,28.4,41.8,42.8,28.4,42.3
2022-07-17T10:13:11,28.4,28.4,41.7,42.9,28.4,42.3
2022-07-17T10:13:16,28.4,28.3,41.7,42.9,28.35,42.3
2022-07-17T10:13:22,28.4,28.3,41.8,43.2,28.35,42.5
2022-07-17T10:13:27,28.3,28.4,41.8,43.0,28.35,42.4
2022-07-17T10:13:33,28.4,28.4,41.9,43.1,28.4,42.5
2022-07-17T10:13:38,28.3,28.3,41.9,42.9,28.3,42.4
2022-07-17T10:13:44,28.4,28.2,41.5,43.0,28.3,42.25
2022-07-17T10:13:49,28.4,28.3,41.7,42.7,28.35,42.2
2022-07-17T10:13:55,28.3,28.3,41.7,43.0,28.3,42.35
2022-07-17T10:14:00,28.4,28.3,41.7,43.1,28.35,42.4
2022-07-17T10:14:06,28.4,28.4,41.7,43.0,28.4,42.35
2022-07-17T10:14:12,28.4,28.4,41.6,42.9,28.4,42.25
2022-07-17T10:14:17,28.3,28.4,41.9,43.1,28.35,42.5
2022-07-17T10:14:23,28.4,,41.6,,28.4,41.6
2022-07-17T10:14:28,28.5,28.3,41.9,42.7,28.4,42.3
2022-07-17T10:14:34,28.5,28.4,41.6,42.7,28.45,42.15
2022-07-17T10:14:39,28.4,28.4,41.5,42.6,28.4,42.05
2022-07-17T10:14:45,28.4,28.4,41.2,42.2,28.4,41.7
2022-07-17T10:14:50,28.5,28.4,41.1,42.4,28.45,41.75
2022-07-17T10:14:56,28.5,28.4,41.1,42.5,28.45,41.8
2022-07-17T10:15:01,28.5,28.4,41.1,41.9,28.45,41.5
2022-07-17T10:15:07,28.4,28.3,41.1,42.0,28.35,41.55
2022-07-17T10:15:12,28.3,28.3,40.8,41.9,28.3,41.35
2022-07-17T10:15:18,28.4,28.3,40.9,42.1,28.35,41.5
2022-07-17T10:15:23,28.4,28.3,41.0,42.2,28.35,41.6
2022-07-17T10:15:29,28.3,28.2,40.9,42.1,28.25,41.5
2022-07-17T10:15:34,28.3,28.2,40.9,42.2,28.25,41.55
2022-07-17T10:15:40,28.2,28.1,41.4,42.5,28.15,41.95
2022-07-17T10:15:45,28.2,28.0,41.3,42.2,28.1,41.75
2022-07-17T10:15:51,28.1,28.1,41.2,42.4,28.1,41.8
2022-07-17T10:15:56,28.2,28.0,41.4,42.4,28.1,41.9
2022-07-17T10:16:02,28.2,28.1,41.3,42.5,28.15,41.9
2022-07-17T10:16:08,28.2,28.1,41.5,42.6,28.15,42.05
2022-07-17T10:16:13,28.2,28.1,41.1,42.1,28.15,41.6
2022-07-17T10:16:19,28.3,28.1,41.3,42.2,28.2,41.75
2022-07-17T10:16:24,28.3,28.1,41.2,42.2,28.2,41.7
2022-07-17T10:16:30,28.2,28.2,41.4,42.3,28.2,41.85
2022-07-17T10:16:35,28.2,28.2,41.4,42.8,28.2,42.1
2022-07-17T10:16:41,28.3,28.2,41.6,42.8,28.25,42.2
2022-07-17T10:16:46,28.3,28.2,41.4,42.4,28.25,41.9
2022-07-17T10:16:52,28.4,28.3,41.2,42.7,28.35,41.95
2022-07-17T10:16:57,28.3,28.3,41.1,42.6,28.3,41.85
2022-07-17T10:17:03,28.4,28.2,41.0,42.3,28.3,41.65
2022-07-17T10:17:08,28.3,28.3,41.1,42.6,28.3,41.85
2022-07-17T10:17:14,28.3,28.2,41.0,42.1,28.25,41.55
2022-07-17T10:17:19,28.3,28.3,41.3,42.5,28.3,41.9
2022-07-17T10:17:25,28.4,28.3,41.2,42.3,28.35,41.75
2022-07-17T10:17:30,28.3,28.3,41.2,42.4,28.3,41.8
2022-07-17T10:17:36,28.3,28.3,41.1,42.4,28.3,41.75
2022-07-17T10:17:41,28.4,28.3,41.5,42.5,28.35,42.0
2022-07-17T10:17:47,28.4,28.3,41.0,42.3,28.35,41.65
2022-07-17T10:17:52,28.3,28.2,41.2,42.2,28.25,41.7
2022-07-17T10:17:58,28.3,28.2,41.3,42.2,28.25,41.75
2022-07-17T10:18:04,28.3,28.2,41.4,42.7,28.25,42.05
2022-07-17T10:18:09,28.3,28.2,41.3,42.4,28.25,41.85
2022-07-17T10:18:15,28.3,28.2,41.4,42.4,28.25,41.9
2022-07-17T10:18:20,28.3,28.3,41.4,42.3,28.3,41.85
2022-07-17T10:18:26,28.3,28.3,41.4,42.4,28.3,41.9
2022-07-17T10:18:31,28.3,28.3,41.3,42.5,28.3,41.9
2022-07-17T10:18:37,28.4,28.3,41.3,42.3,28.35,41.8
2022-07-17T10:18:42,28.4,28.2,41.3,42.0,28.3,41.65
2022-07-17T10:18:48,28.3,28.2,41.2,42.2,28.25,41.7
2022-07-17T10:18:53,28.3,28.2,41.1,42.2,28.25,41.65
2022-07-17T10:18:59,28.2,28.2,40.9,42.4,28.2,41.65
2022-07-17T10:19:04,28.2,28.1,41.1,42.1,28.15,41.6
2022-07-17T10:19:10,28.2,28.0,41.3,42.3,28.1,41.8
2022-07-17T10:19:15,28.1,28.1,41.6,42.9,28.1,42.25
2022-07-17T10:19:21,28.2,28.1,41.3,42.7,28.15,42.0
2022-07-17T10:19:26,28.2,28.1,41.5,42.3,28.15,41.9
2022-07-17T10:19:32,28.1,27.9,41.2,42.1,28.0,41.65
2022-07-17T10:19:37,28.0,28.0,41.0,42.3,28.0,41.65
2022-07-17T10:19:43,28.1,27.9,41.3,42.6,28.0,41.95
2022-07-17T10:19:48,28.1,28.0,41.1,42.3,28.05,41.7
2022-07-17T10:19:54,28.1,27.9,41.2,42.0,28.0,41.6
2022-07-17T10:20:00,,28.0,,42.3,28.0,42.3
2022-07-17T10:20:05,28.0,28.0,41.4,42.6,28.0,42.0
2022-07-17T10:20:11,28.0,28.0,41.3,42.3,28.0,41.8
2022-07-17T10:20:16,28.1,27.9,41.5,42.5,28.0,42.0
2022-07-17T10:20:22,28.1,28.0,41.3,42.4,28.05,41.85
2022-07-17T10:20:27,28.1,28.0,41.2,42.3,28.05,41.75
2022-07-17T10:20:33,28.1,28.0,41.3,42.4,28.05,41.85
2022-07-17T10:20:38,28.2,28.0,41.1,42.2,28.1,41.65
2022-07-17T10:20:44,28.1,28.0,41.3,42.2,28.05,41.75
2022-07-17T10:20:49,28.1,28.1,41.6,42.4,28.1,42.0
2022-07-17T10:20:55,28.1,28.1,41.3,42.5,28.1,41.9
2022-07-17T10:21:00,28.1,28.1,41.4,42.2,28.1,41.8
2022-07-17T10:21:06,,28.1,,42.2,28.1,42.2
2022-07-17T10:21:11,28.2,28.1,41.0,42.2,28.15,41.6
2022-07-17T10:21:17,28.2,28.1,41.3,42.5,28.15,41.9
2022-07-17T10:21:22,28.1,28.1,41.2,42.1,28.1,41.65
2022-07-17T10:21:28,28.2,28.1,41.3,42.1,28.15,41.7
2022-07-17T10:21:33,28.2,28.2,41.1,42.4,28.2,41.75
2022-07-17T10:21:39,,28.1,,42.2,28.1,42.2
2022-07-17T10:21:44,28.1,28.2,41.1,42.2,28.15,41.65
2022-07-17T10:21:50,28.2,28.1,41.3,42.3,28.15,41.8
2022-07-17T10:21:56,28.3,28.1,41.2,42.3,28.2,41.75
2022-07-17T10:22:01,28.3,28.2,41.2,42.2,28.25,41.7
2022-07-17T10:22:07,28.3,28.2,41.0,41.8,28.25,41.4
2022-07-17T10:22:12,28.3,28.2,40.7,41.7,28.25,41.2
2022-07-17T10:22:18,28.3,28.2,40.5,41.4,28.25,40.95
2022-07-17T10:22:23,28.3,28.2,40.3,41.3,28.25,40.8
2022-07-17T10:22:29,28.2,28.1,40.3,41.4,28.15,40.85
2022-07-17T10:22:34,28.2,28.2,40.4,41.3,28.2,40.85
2022-07-17T10:22:40,28.2,28.1,40.5,41.5,28.15,41.0
2022-07-17T10:22:45,28.2,28.2,40.7,41.7,28.2,41.2
2022-07-17T10:22:51,28.2,28.2,40.8,41.8,28.2,41.3
2022-07-17T10:22:56,28.3,28.2,40.9,41.8,28.25,41.35
2022-07-17T10:23:02,28.2,28.2,40.5,41.6,28.2,41.05
2022-07-17T10:23:07,28.2,28.2,40.4,41.4,28.2,40.9
2022-07-17T10:23:13,28.2,28.1,40.4,41.8,28.15,41.1
2022-07-17T10:23:18,28.2,28.2,40.8,41.9,28.2,41.35
2022-07-17T10:23:24,28.3,28.1,40.7,41.6,28.2,41.15
2022-07-17T10:23:29,28.1,28.2,40.6,41.7,28.15,41.15
2022-07-17T10:23:35,28.4,28.2,40.7,42.1,28.3,41.4
2022-07-17T10:23:41,28.2,28.2,40.8,41.8,28.2,41.3
2022-07-17T10:23:46,28.3,28.2,40.9,41.7,28.25,41.3
2022-07-17T10:23:52,28.2,28.2,40.5,41.5,28.2,41.0
2022-07-17T10:23:57,28.2,28.2,40.3,41.2,28.2,40.75
2022-07-17T10:24:03,28.2,28.1,40.4,41.4,28.15,40.9
2022-07-17T10:24:08,28.2,28.1,40.1,41.4,28.15,40.75
2022-07-17T10:24:14,28.1,28.1,40.0,41.1,28.1,40.55
2022-07-17T10:24:19,28.1,28.1,40.3,41.3,28.1,40.8
2022-07-17T10:24:25,28.1,28.1,40.5,41.3,28.1,40.9
2022-07-17T10:24:30,28.1,28.1,40.4,41.4,28.1,40.9
2022-07-17T10:24:36,28.1,28.1,40.2,41.2,28.1,40.7
2022-07-17T10:24:41,28.2,28.1,40.3,41.3,28.15,40.8
2022-07-17T10:24:47,28.2,28.1,40.3,41.2,28.15,40.75
2022-07-17T10:24:52,28.2,28.1,40.4,41.4,28.15,40.9
2022-07-17T10:24:58,28.2,28.1,40.6,41.3,28.15,40.95
2022-07-17T10:25:03,28.2,28.2,40.2,41.4,28.2,40.8
2022-07-17T10:25:09,28.2,28.2,40.3,41.1,28.2,40.7
2022-07-17T10:25:14,28.2,28.1,40.2,41.4,28.15,40.8
2022-07-17T10:25:20,28.2,28.1,40.5,41.3,28.15,40.9
2022-07-17T10:25:25,28.1,28.1,40.6,41.5,28.1,41.05
2022-07-17T10:25:31,28.1,28.0,40.6,41.8,28.05,41.2
2022-07-17T10:25:37,28.2,28.1,40.6,41.6,28.15,41.1
2022-07-17T10:25:42,28.1,28.0,40.6,41.7,28.05,41.15
2022-07-17T10:25:48,28.1,28.1,40.7,41.9,28.1,41.3
2022-07-17T10:25:53,28.1,28.0,40.9,41.8,28.05,41.35
2022-07-17T10:25:59,28.2,28.1,40.6,41.8,28.15,41.2
2022-07-17T10:26:04,28.1,28.1,40.5,41.6,28.1,41.05
2022-07-17T10:26:10,28.2,28.1,40.6,41.8,28.15,41.2
2022-07-17T10:26:15,28.2,28.1,40.8,42.0,28.15,41.4
2022-07-17T10:26:21,28.2,28.1,40.7,41.8,28.15,41.25
2022-07-17T10:26:26,28.2,28.1,41.0,42.1,28.15,41.55
2022-07-17T10:26:32,28.2,28.1,40.8,41.8,28.15,41.3
2022-07-17T10:26:37,28.1,28.1,40.7,41.7,28.1,41.2
2022-07-17T10:26:43,28.2,28.1,41.0,41.9,28.15,41.45
2022-07-17T10:26:48,28.2,28.2,40.8,41.6,28.2,41.2
2022-07-17T10:26:54,28.2,28.2,40.6,41.6,28.2,41.1
2022-07-17T10:26:59,28.2,28.2,40.8,41.8,28.2,41.3
2022-07-17T10:27:05,28.2,28.2,40.8,41.6,28.2,41.2
2022-07-17T10:27:10,28.3,28.1,40.8,41.8,28.2,41.3
2022-07-17T10:27:16,28.2,28.2,40.8,41.9,28.2,41.35
2022-07-17T10:27:21,28.2,28.2,40.9,42.2,28.2,41.55
2022-07-17T10:27:27,28.2,28.2,41.2,42.2,28.2,41.7
2022-07-17T10:27:33,28.2,28.1,41.1,41.7,28.15,41.4
2022-07-17T10:27:38,,28.2,,41.8,28.2,41.8
2022-07-17T10:27:44,28.2,28.2,40.6,41.5,28.2,41.05
2022-07-17T10:27:49,28.2,28.2,40.6,41.8,28.2,41.2
2022-07-17T10:27:55,28.2,28.2,40.9,41.8,28.2,41.35
2022-07-17T10:28:00,28.3,28.2,41.2,42.0,28.25,41.6
2022-07-17T10:28:06,28.2,,40.8,,28.2,40.8
2022-07-17T10:28:11,28.2,28.2,40.7,41.8,28.2,41.25
2022-07-17T10:28:17,28.2,28.1,40.8,41.9,28.15,41.35
2022-07-17T10:28:22,28.2,28.1,40.9,42.0,28.15,41.45
2022-07-17T10:28:28,28.2,28.2,41.2,42.0,28.2,41.6
2022-07-17T10:28:33,28.3,28.3,40.9,42.1,28.3,41.5
2022-07-17T10:28:39,28.2,28.2,41.0,42.1,28.2,41.55
2022-07-17T10:28:44,28.2,28.2,40.8,41.9,28.2,41.35
2022-07-17T10:28:50,28.2,28.1,41.0,42.0,28.15,41.5
2022-07-17T10:28:55,28.2,28.1,41.2,42.2,28.15,41.7
2022-07-17T10:29:01,28.2,28.2,41.4,42.2,28.2,41.8
2022-07-17T10:29:06,28.1,28.1,41.5,42.3,28.1,41.9
2022-07-17T10:29:12,28.2,28.1,41.5,42.4,28.15,41.95
2022-07-17T10:29:17,28.2,28.1,41.5,42.4,28.15,41.95
2022-07-17T10:29:23,28.3,28.2,41.3,42.4,28.25,41.85
2022-07-17T10:29:29,28.2,28.2,41.2,42.2,28.2,41.7
2022-07-17T10:29:34,28.2,28.2,41.3,42.4,28.2,41.85
2022-07-17T10:29:40,28.2,28.2,41.3,42.3,28.2,41.8
2022-07-17T10:29:45,28.2,28.2,41.4,42.5,28.2,41.95
2022-07-17T10:29:51,28.2,28.3,41.4,42.4,28.25,41.9
2022-07-17T10:29:56,28.2,28.2,41.4,42.5,28.2,41.95
2022-07-17T10:30:02,28.3,28.3,41.5,42.4,28.3,41.95
2022-07-17T10:30:07,28.3,28.3,41.5,42.4,28.3,41.95
2022-07-17T10:30:13,28.3,28.3,41.3,42.5,28.3,41.9
2022-07-17T10:30:18,28.3,28.4,41.3,42.5,28.35,41.9
2022-07-17T10:30:24,28.3,28.3,41.4,42.5,28.3,41.95
2022-07-17T10:30:29,28.4,28.4,41.5,42.2,28.4,41.85
2022-07-17T10:30:35,28.4,28.4,41.3,42.1,28.4,41.7
2022-07-17T10:30:40,28.5,28.3,41.2,42.1,28.4,41.65
2022-07-17T10:30:46,28.5,28.4,41.0,42.1,28.45,41.55
2022-07-17T10:30:51,28.5,28.4,41.1,41.8,28.45,41.45
2022-07-17T10:30:57,28.5,28.3,41.0,42.0,28.4,41.5
2022-07-17T10:31:02,28.5,28.5,41.0,41.9,28.5,41.45
2022-07-17T10:31:08,28.5,28.4,41.0,42.1,28.45,41.55
2022-07-17T10:31:13,28.5,28.4,41.3,42.4,28.45,41.85
2022-07-17T10:31:19,28.5,28.5,41.6,42.6,28.5,42.1
2022-07-17T10:31:25,28.6,28.5,41.8,42.8,28.55,42.3
2022-07-17T10:31:30,28.6,28.6,41.6,43.0,28.6,42.3
2022-07-17T10:31:36,28.6,28.6,41.4,42.4,28.6,41.9
2022-07-17T10:31:41,28.7,28.6,41.4,42.1,28.65,41.75
2022-07-17T10:31:47,28.7,28.7,41.3,42.3,28.7,41.8
2022-07-17T10:31:52,28.6,28.6,41.0,42.0,28.6,41.5
2022-07-17T10:31:58,28.6,28.7,40.9,41.8,28.65,41.35
2022-07-17T10:32:03,28.6,28.5,40.8,41.7,28.55,41.25
2022-07-17T10:32:09,28.5,28.6,40.6,41.7,28.55,41.15
2022-07-17T10:32:14,28.6,28.5,40.8,41.6,28.55,41.2
2022-07-17T10:32:20,,28.5,,41.5,28.5,41.5
2022-07-17T10:32:25,28.5,28.4,40.7,41.5,28.45,41.1
2022-07-17T10:32:31,28.5,28.4,40.6,41.8,28.45,41.2
2022-07-17T10:32:36,28.4,28.4,40.6,41.4,28.4,41.0
2022-07-17T10:32:42,28.4,28.3,40.5,41.6,28.35,41.05
2022-07-17T10:32:47,28.3,28.3,40.8,41.9,28.3,41.35
2022-07-17T10:32:53,28.4,28.2,40.9,41.8,28.3,41.35
2022-07-17T10:32:58,28.3,28.3,41.1,41.8,28.3,41.45
2022-07-17T10:33:04,28.3,28.3,41.0,41.9,28.3,41.45
2022-07-17T10:33:10,28.3,28.3,40.7,42.0,28.3,41.35
2022-07-17T10:33:15,28.3,28.2,40.9,42.2,28.25,41.55
2022-07-17T10:33:21,28.3,28.3,40.9,41.8,28.3,41.35
2022-07-17T10:33:26,28.3,28.2,41.2,41.8,28.25,41.5
2022-07-17T10:33:32,28.4,28.3,41.1,42.1,28.35,41.6
2022-07-17T10:33:37,28.4,28.4,40.9,42.1,28.4,41.5
2022-07-17T10:33:43,28.5,28.4,40.9,41.5,28.45,41.2
2022-07-17T10:33:48,28.4,28.3,40.7,41.8,28.35,41.25
2022-07-17T10:33:54,28.5,28.3,40.9,42.0,28.4,41.45
2022-07-17T10:33:59,28.3,28.3,40.2,41.6,28.3,40.9
2022-07-17T10:34:05,28.3,28.3,40.3,41.3,28.3,40.8
2022-07-17T10:34:10,28.3,28.2,40.4,41.4,28.25,40.9
2022-07-17T10:34:16,28.4,28.2,40.3,41.4,28.3,40.85
2022-07-17T10:34:21,28.2,28.2,40.3,41.4,28.2,40.85
2022-07-17T10:34:27,28.3,28.2,40.4,41.3,28.25,40.85
2022-07-17T10:34:32,28.2,28.2,40.3,41.4,28.2,40.85
2022-07-17T10:34:38,28.3,28.1,40.5,41.2,28.2,40.85
2022-07-17T10:34:43,,28.1,,41.5,28.1,41.5
2022-07-17T10:34:49,28.1,28.1,40.5,41.4,28.1,40.95
2022-07-17T10:34:54,28.3,28.1,40.5,41.4,28.2,40.95
2022-07-17T10:35:00,28.2,28.1,40.4,41.4,28.15,40.9
2022-07-17T10:35:05,28.2,28.1,40.7,41.9,28.15,41.3
2022-07-17T10:35:11,28.2,28.1,40.7,41.6,28.15,41.15
2022-07-17T10:35:17,28.3,28.2,40.6,41.7,28.25,41.15
2022-07-17T10:35:22,28.2,28.2,40.7,42.1,28.2,41.4
2022-07-17T10:35:28,28.3,28.2,40.9,42.0,28.25,41.45
2022-07-17T10:35:33,28.3,28.2,40.7,41.8,28.25,41.25
2022-07-17T10:35:39,28.3,28.3,40.7,41.9,28.3,41.3
2022-07-17T10:35:44,28.4,28.4,40.8,42.1,28.4,41.45
2022-07-17T10:35:50,28.5,28.4,40.7,41.6,28.45,41.15
2022-07-17T10:35:55,28.4,28.4,40.7,41.5,28.4,41.1
2022-07-17T10:36:01,28.5,28.4,40.5,41.4,28.45,40.95
2022-07-17T10:36:06,28.6,28.5,40.6,41.4,28.55,41.0
2022-07-17T10:36:12,28.6,28.5,40.3,41.5,28.55,40.9
2022-07-17T10:36:17,28.6,28.5,40.1,41.1,28.55,40.6
2022-07-17T10:36:23,28.6,28.5,40.1,41.0,28.55,40.55
2022-07-17T10:36:28,28.6,28.5,40.0,40.9,28.55,40.45
2022-07-17T10:36:34,28.5,28.5,40.3,40.9,28.5,40.6
2022-07-17T10:36:39,28.6,28.6,40.1,41.0,28.6,40.55
2022-07-17T10:36:45,28.6,28.5,40.0,41.1,28.55,40.55
2022-07-17T10:36:50,28.6,28.5,39.9,41.0,28.55,40.45
2022-07-17T10:36:56,28.6,28.6,40.1,40.8,28.6,40.45
2022-07-17T10:37:01,28.7,28.6,40.2,41.3,28.65,40.75
2022-07-17T10:37:07,28.7,28.6,40.2,41.2,28.65,40.7
2022-07-17T10:37:13,28.7,28.6,40.3,41.5,28.65,40.9
2022-07-17T10:37:18,28.7,28.7,40.2,41.2,28.7,40.7
2022-07-17T10:37:24,28.8,28.8,40.3,41.5,28.8,40.9
2022-07-17T10:37:29,28.9,28.8,40.4,41.4,28.85,40.9
2022-07-17T10:37:35,28.9,28.8,40.6,41.5,28.85,41.05
2022-07-17T10:37:40,28.8,28.8,40.3,41.3,28.8,40.8
2022-07-17T10:37:46,28.9,28.9,40.0,41.3,28.9,40.65
2022-07-17T10:37:51,29.0,28.9,40.1,41.0,28.95,40.55
2022-07-17T10:37:57,28.9,28.9,40.1,41.2,28.9,40.65
2022-07-17T10:38:02,29.0,29.0,40.1,40.9,29.0,40.5
2022-07-17T10:38:08,29.0,29.0,39.9,40.5,29.0,40.2
2022-07-17T10:38:13,29.1,29.0,39.7,40.6,29.05,40.15
2022-07-17T10:38:19,29.0,29.0,39.7,40.9,29.0,40.3
2022-07-17T10:38:24,29.1,29.0,39.3,40.6,29.05,39.95
2022-07-17T10:38:30,29.1,29.1,40.0,40.9,29.1,40.45
2022-07-17T10:38:35,29.1,29.0,39.3,40.6,29.05,39.95
2022-07-17T10:38:41,29.2,29.1,39.2,40.7,29.15,39.95
2022-07-17T10:38:46,29.2,29.1,39.5,40.4,29.15,39.95
2022-07-17T10:38:52,29.2,29.2,39.5,40.4,29.2,39.95
2022-07-17T10:38:58,29.2,29.2,39.4,40.2,29.2,39.8
2022-07-17T10:39:03,29.2,29.2,39.1,40.4,29.2,39.75
2022-07-17T10:39:09,29.2,29.2,39.0,39.9,29.2,39.45
2022-07-17T10:39:14,29.2,29.2,39.2,40.1,29.2,39.65
2022-07-17T10:39:20,29.2,29.1,39.1,39.7,29.15,39.4
2022-07-17T10:39:25,29.3,29.1,38.9,39.9,29.2,39.4
2022-07-17T10:39:31,29.2,29.2,39.1,40.1,29.2,39.6
2022-07-17T10:39:36,29.2,29.0,39.1,40.8,29.1,39.95
2022-07-17T10:39:42,29.1,29.1,39.4,40.5,29.1,39.95
2022-07-17T10:39:47,29.2,29.1,39.4,40.4,29.15,39.9
2022-07-17T10:39:53,29.2,29.1,39.4,41.0,29.15,40.2
2022-07-17T10:39:58,29.1,,39.3,,29.1,39.3
2022-07-17T10:40:04,29.1,29.1,39.2,40.1,29.1,39.65
2022-07-17T10:40:09,29.2,29.2,39.2,40.3,29.2,39.75
2022-07-17T10:40:15,29.2,29.2,39.2,40.3,29.2,39.75
2022-07-17T10:40:20,29.2,29.1,39.2,40.2,29.15,39.7
2022-07-17T10:40:26,29.2,29.2,39.3,40.0,29.2,39.65
2022-07-17T10:40:31,29.2,29.2,39.2,40.1,29.2,39.65
2022-07-17T10:40:37,29.2,29.2,39.5,40.6,29.2,40.05
2022-07-17T10:40:42,29.3,29.2,39.5,40.3,29.25,39.9
2022-07-17T10:40:48,29.3,29.3,39.1,40.4,29.3,39.75
2022-07-17T10:40:54,29.3,29.3,39.3,40.4,29.3,39.85
2022-07-17T10:40:59,29.3,29.3,39.4,40.0,29.3,39.7
2022-07-17T10:41:05,29.4,29.4,39.0,40.0,29.4,39.5
2022-07-17T10:41:10,,29.3,,40.0,29.3,40.0
2022-07-17T10:41:16,29.3,29.4,39.2,40.2,29.35,39.7
2022-07-17T10:41:21,29.4,29.3,39.2,40.3,29.35,39.75
2022-07-17T10:41:27,29.4,29.3,39.1,39.9,29.35,39.5
2022-07-17T10:41:32,29.5,29.4,39.1,39.9,29.45,39.5
2022-07-17T10:41:38,29.4,29.4,39.0,40.0,29.4,39.5
2022-07-17T10:41:43,29.5,29.4,39.0,40.0,29.45,39.5
2022-07-17T10:41:49,29.4,29.4,39.1,40.1,29.4,39.6
2022-07-17T10:41:54,29.4,29.4,39.2,40.1,29.4,39.65
2022-07-17T10:42:00,29.4,29.4,39.2,40.4,29.4,39.8
2022-07-17T10:42:05,29.4,29.5,39.5,40.5,29.45,40.0
2022-07-17T10:42:11,29.4,29.5,39.6,40.3,29.45,39.95
2022-07-17T10:42:16,29.5,29.5,39.4,40.2,29.5,39.8
2022-07-17T10:42:22,29.5,29.5,39.3,40.1,29.5,39.7
2022-07-17T10:42:27,29.5,29.4,39.3,40.2,29.45,39.75
2022-07-17T10:42:33,29.4,29.5,39.3,39.9,29.45,39.6
2022-07-17T10:42:38,29.5,29.5,39.3,40.1,29.5,39.7
2022-07-17T10:42:44,29.5,29.4,39.1,40.1,29.45,39.6
2022-07-17T10:42:50,29.4,29.4,39.2,40.2,29.4,39.7
2022-07-17T10:42:55,29.4,29.3,39.1,40.1,29.35,39.6
2022-07-17T10:43:01,29.4,29.3,39.3,40.1,29.35,39.7
2022-07-17T10:43:06,,29.3,,39.9,29.3,39.9
2022-07-17T10:43:12,29.4,29.3,39.3,40.4,29.35,39.85
2022-07-17T10:43:17,29.3,29.3,39.4,40.4,29.3,39.9
2022-07-17T10:43:23,29.4,29.3,39.4,40.3,29.35,39.85
2022-07-17T10:43:28,29.4,29.3,39.3,40.2,29.35,39.75
2022-07-17T10:43:34,29.3,29.3,39.1,40.3,29.3,39.7
2022-07-17T10:43:39,29.5,29.3,39.1,40.4,29.4,39.75
2022-07-17T10:43:45,,29.3,,40.4,29.3,40.4
2022-07-17T10:43:50,29.4,29.4,39.2,40.4,29.4,39.8
2022-07-17T10:43:56,29.5,29.4,39.5,40.1,29.45,39.8
2022-07-17T10:44:01,29.4,29.3,39.5,40.4,29.35,39.95
2022-07-17T10:44:07,29.5,29.5,39.5,40.4,29.5,39.95
2022-07-17T10:44:12,29.5,29.4,39.5,40.3,29.45,39.9
2022-07-17T10:44:18,29.5,29.4,39.3,40.3,29.45,39.8
2022-07-17T10:44:23,29.5,29.4,39.1,40.1,29.45,39.6
2022-07-17T10:44:29,29.5,29.4,39.2,40.1,29.45,39.65
2022-07-17T10:44:34,29.4,29.4,39.0,39.9,29.4,39.45
2022-07-17T10:44:40,29.4,29.4,39.1,39.7,29.4,39.4
2022-07-17T10:44:46,29.3,29.3,38.8,39.8,29.3,39.3
2022-07-17T10:44:51,29.4,29.3,39.0,39.7,29.35,39.35
2022-07-17T10:44:57,29.3,29.2,38.9,39.8,29.25,39.35
2022-07-17T10:45:02,29.4,29.2,38.8,39.8,29.3,39.3
2022-07-17T10:45:08,29.2,29.2,39.1,39.9,29.2,39.5
2022-07-17T10:45:13,29.2,29.3,39.0,40.1,29.25,39.55
2022-07-17T10:45:19,29.2,29.2,38.9,39.8,29.2,39.35
2022-07-17T10:45:24,29.2,29.2,39.1,39.9,29.2,39.5
2022-07-17T10:45:30,29.3,29.2,39.1,40.1,29.25,39.6
2022-07-17T10:45:35,29.3,29.2,39.3,40.1,29.25,39.7
2022-07-17T10:45:41,29.4,29.3,39.4,40.5,29.35,39.95
2022-07-17T10:45:46,29.3,29.2,39.5,40.5,29.25,40.0
2022-07-17T10:45:52,29.3,29.2,39.5,40.4,29.25,39.95
2022-07-17T10:45:57,29.2,29.3,39.3,40.2,29.25,39.75
2022-07-17T10:46:03,29.3,29.3,38.9,39.6,29.3,39.25
2022-07-17T10:46:08,29.3,29.2,38.8,39.6,29.25,39.2
2022-07-17T10:46:14,29.3,29.2,38.7,39.4,29.25,39.05
2022-07-17T10:46:19,29.2,29.2,38.7,39.3,29.2,39.0
2022-07-17T10:46:25,29.2,29.1,38.7,39.5,29.15,39.1
2022-07-17T10:46:30,29.1,,39.0,,29.1,39.0
2022-07-17T10:46:36,29.1,29.1,38.5,39.9,29.1,39.2
2022-07-17T10:46:42,29.1,29.0,39.2,39.9,29.05,39.55
2022-07-17T10:46:47,,29.0,,40.3,29.0,40.3
2022-07-17T10:46:53,29.0,28.9,39.2,40.3,28.95,39.75
2022-07-17T10:46:58,29.0,29.0,39.1,40.1,29.0,39.6
2022-07-17T10:47:04,,29.0,,40.2,29.0,40.2
2022-07-17T10:47:09,29.1,28.9,39.5,40.6,29.0,40.05
2022-07-17T10:47:15,29.0,29.0,39.5,40.4,29.0,39.95
2022-07-17T10:47:20,29.0,29.0,39.4,40.5,29.0,39.95
2022-07-17T10:47:26,29.1,29.0,39.2,40.2,29.05,39.7
2022-07-17T10:47:31,29.0,29.0,39.2,40.1,29.0,39.65
2022-07-17T10:47:37,29.1,28.9,39.2,40.1,29.0,39.65
2022-07-17T10:47:42,29.2,29.1,39.1,40.5,29.15,39.8
2022-07-17T10:47:48,29.2,29.0,38.8,40.1,29.1,39.45
2022-07-17T10:47:53,29.2,29.1,38.5,39.4,29.15,38.95
2022-07-17T10:47:59,29.2,29.1,38.7,39.9,29.15,39.3
2022-07-17T10:48:04,29.1,29.1,38.7,39.4,29.1,39.05
2022-07-17T10:48:10,29.2,29.1,38.6,39.4,29.15,39.0
2022-07-17T10:48:15,29.2,29.2,38.6,39.4,29.2,39.0
2022-07-17T10:48:21,29.1,29.2,38.5,39.3,29.15,38.9
2022-07-17T10:48:26,29.2,29.2,38.3,39.4,29.2,38.85
2022-07-17T10:48:32,29.2,29.2,38.5,39.5,29.2,39.0
2022-07-17T10:48:38,29.2,29.1,38.5,39.3,29.15,38.9
2022-07-17T10:48:43,29.1,,38.6,,29.1,38.6
2022-07-17T10:48:49,29.2,29.1,38.4,39.1,29.15,38.75
2022-07-17T10:48:54,,29.1,,39.2,29.1,39.2
2022-07-17T10:49:00,29.2,29.1,38.2,39.4,29.15,38.8
2022-07-17T10:49:05,,29.1,,38.9,29.1,38.9
2022-07-17T10:49:11,29.2,29.1,38.5,39.9,29.15,39.2
2022-07-17T10:49:16,29.2,29.1,38.3,39.1,29.15,38.7
2022-07-17T10:49:22,29.3,29.1,38.5,39.0,29.2,38.75
2022-07-17T10:49:27,29.2,29.1,38.4,39.5,29.15,38.95
2022-07-17T10:49:33,29.2,29.1,38.2,38.6,29.15,38.4
2022-07-17T10:49:38,29.1,29.0,38.0,39.4,29.05,38.7
2022-07-17T10:49:44,29.2,29.1,38.2,39.6,29.15,38.9
2022-07-17T10:49:49,29.1,29.1,38.4,39.2,29.1,38.8
2022-07-17T10:49:55,29.1,29.1,38.4,39.7,29.1,39.05
2022-07-17T10:50:00,29.2,29.1,38.2,39.5,29.15,38.85
2022-07-17T10:50:06,29.1,29.1,38.3,39.0,29.1,38.65
2022-07-17T10:50:11,29.1,29.1,38.3,39.3,29.1,38.8
2022-07-17T10:50:17,29.1,29.1,38.2,39.6,29.1,38.9
2022-07-17T10:50:22,,29.2,,39.2,29.2,39.2
2022-07-17T10:50:28,29.2,29.1,38.2,38.9,29.15,38.55
2022-07-17T10:50:34,29.2,29.1,38.0,39.3,29.15,38.65
2022-07-17T10:50:39,29.2,29.2,38.2,38.9,29.2,38.55
2022-07-17T10:50:45,29.2,29.2,38.2,38.9,29.2,38.55
2022-07-17T10:50:50,29.1,29.1,38.2,39.1,29.1,38.65
2022-07-17T10:50:56,29.2,29.1,38.2,39.4,29.15,38.8
2022-07-17T10:51:01,29.2,29.1,38.2,39.0,29.15,38.6
2022-07-17T10:51:07,29.2,29.1,38.0,38.6,29.15,38.3
2022-07-17T10:51:12,29.2,29.1,38.0,38.7,29.15,38.35
2022-07-17T10:51:18,29.2,29.2,38.1,38.8,29.2,38.45
2022-07-17T10:51:23,29.2,29.1,37.9,38.9,29.15,38.4
2022-07-17T10:51:29,29.2,29.2,38.0,38.9,29.2,38.45
2022-07-17T10:51:34,29.2,29.2,38.1,38.9,29.2,38.5
2022-07-17T10:51:40,29.2,29.2,38.0,38.5,29.2,38.25
2022-07-17T10:51:45,29.3,29.3,37.7,38.5,29.3,38.1
2022-07-17T10:51:51,29.3,29.2,38.0,38.4,29.25,38.2
2022-07-17T10:51:56,,29.2,,38.6,29.2,38.6
2022-07-17T10:52:02,29.2,29.3,37.8,38.2,29.25,38.0
2022-07-17T10:52:07,,29.3,,38.7,29.3,38.7
2022-07-17T10:52:13,29.3,,38.0,,29.3,38.0
2022-07-17T10:52:18,,29.3,,38.8,29.3,38.8
2022-07-17T10:52:24,29.3,29.3,38.0,38.5,29.3,38.25
2022-07-17T10:52:29,29.3,29.3,37.9,38.4,29.3,38.15
2022-07-17T10:52:35,29.3,29.2,37.8,38.4,29.25,38.1
2022-07-17T10:52:41,29.3,29.2,37.6,38.4,29.25,38.0
2022-07-17T10:52:46,29.3,29.2,37.7,38.4,29.25,38.05
2022-07-17T10:52:52,29.3,29.3,37.4,38.2,29.3,37.8
2022-07-17T10:52:57,29.4,29.4,37.5,38.2,29.4,37.85
2022-07-17T10:53:03,29.4,29.4,37.4,38.2,29.4,37.8
2022-07-17T10:53:08,29.4,29.3,37.7,38.4,29.35,38.05
2022-07-17T10:53:14,,29.4,,38.5,29.4,38.5
2022-07-17T10:53:19,29.4,29.4,38.0,38.7,29.4,38.35
2022-07-17T10:53:25,29.5,29.4,37.9,38.6,29.45,38.25
2022-07-17T10:53:30,29.5,29.4,37.8,38.6,29.45,38.2
2022-07-17T10:53:36,29.5,29.5,37.8,38.6,29.5,38.2
2022-07-17T10:53:41,29.5,29.5,37.8,38.5,29.5,38.15
2022-07-17T10:53:47,29.5,29.5,37.9,38.4,29.5,38.15
2022-07-17T10:53:52,29.5,29.5,37.7,38.4,29.5,38.05
2022-07-17T10:53:58,29.5,29.5,37.5,38.6,29.5,38.05
2022-07-17T10:54:03,29.6,29.5,37.7,38.3,29.55,38.0
2022-07-17T10:54:09,29.6,29.5,37.8,38.5,29.55,38.15
2022-07-17T10:54:14,29.6,29.5,37.7,38.4,29.55,38.05
2022-07-17T10:54:20,,29.5,,38.5,29.5,38.5
2022-07-17T10:54:25,29.5,29.5,37.8,38.6,29.5,38.2
2022-07-17T10:54:31,29.6,29.6,37.9,38.7,29.6,38.3
2022-07-17T10:54:37,29.6,29.6,38.1,38.7,29.6,38.4
2022-07-17T10:54:42,29.6,29.6,38.0,38.8,29.6,38.4
2022-07-17T10:54:48,29.6,29.6,37.9,38.5,29.6,38.2
2022-07-17T10:54:53,29.6,29.6,37.6,38.3,29.6,37.95
2022-07-17T10:54:59,29.6,29.5,37.7,38.3,29.55,38.0
2022-07-17T10:55:04,29.6,29.6,37.4,38.2,29.6,37.8
2022-07-17T10:55:10,29.5,29.6,37.4,38.0,29.55,37.7
2022-07-17T10:55:15,29.6,29.5,37.3,38.0,29.55,37.65
2022-07-17T10:55:21,29.7,29.6,37.6,38.2,29.65,37.9
2022-07-17T10:55:26,29.6,,37.7,,29.6,37.7
2022-07-17T10:55:32,29.5,29.5,37.4,38.4,29.5,37.9
2022-07-17T10:55:37,29.5,29.5,37.4,38.3,29.5,37.85
2022-07-17T10:55:43,29.4,29.5,37.4,37.9,29.45,37.65
2022-07-17T10:55:48,29.5,29.4,37.4,38.2,29.45,37.8
2022-07-17T10:55:54,29.4,29.4,37.5,38.2,29.4,37.85
2022-07-17T10:55:59,29.5,29.4,37.6,38.4,29.45,38.0
2022-07-17T10:56:05,29.5,29.4,37.9,38.6,29.45,38.25
2022-07-17T10:56:10,29.4,29.4,37.9,38.8,29.4,38.35
2022-07-17T10:56:16,29.4,29.4,38.1,38.8,29.4,38.45
2022-07-17T10:56:21,29.4,29.3,38.2,38.6,29.35,38.4
2022-07-17T10:56:27,29.5,29.5,38.0,38.6,29.5,38.3
2022-07-17T10:56:33,29.4,29.4,37.8,38.6,29.4,38.2
2022-07-17T10:56:38,29.5,29.4,38.1,38.7,29.45,38.4
2022-07-17T10:56:44,29.5,29.4,38.0,38.7,29.45,38.35
2022-07-17T10:56:49,29.4,29.4,38.1,38.7,29.4,38.4
2022-07-17T10:56:55,,29.4,,39.2,29.4,39.2
2022-07-17T10:57:00,29.5,29.4,38.3,38.9,29.45,38.6
2022-07-17T10:57:06,29.4,29.4,38.2,39.2,29.4,38.7
2022-07-17T10:57:11,29.4,29.4,38.1,38.8,29.4,38.45
2022-07-17T10:57:17,29.4,29.5,37.9,38.8,29.45,38.35
2022-07-17T10:57:22,29.5,29.4,38.1,38.7,29.45,38.4
2022-07-17T10:57:28,,29.4,,38.8,29.4,38.8
2022-07-17T10:57:33,29.4,29.4,38.3,38.6,29.4,38.45
2022-07-17T10:57:39,29.4,29.3,38.1,38.7,29.35,38.4
2022-07-17T10:57:44,29.4,29.4,38.3,38.8,29.4,38.55
2022-07-17T10:57:50,29.4,29.3,38.0,38.9,29.35,38.45
2022-07-17T10:57:55,29.3,29.3,37.8,38.7,29.3,38.25
2022-07-17T10:58:01,29.2,29.2,37.9,38.5,29.2,38.2
2022-07-17T10:58:06,29.2,29.2,37.7,38.5,29.2,38.1
2022-07-17T10:58:12,29.2,29.2,37.6,38.5,29.2,38.05
2022-07-17T10:58:17,29.1,29.1,38.2,38.9,29.1,38.55
2022-07-17T10:58:23,,29.0,,39.1,29.0,39.1
2022-07-17T10:58:29,29.0,28.9,38.3,39.2,28.95,38.75
2022-07-17T10:58:34,29.0,28.9,38.5,39.2,28.95,38.85
2022-07-17T10:58:40,28.9,28.9,38.4,39.3,28.9,38.85
2022-07-17T10:58:45,28.9,28.9,38.5,39.3,28.9,38.9
2022-07-17T10:58:51,28.9,28.9,38.5,39.3,28.9,38.9
2022-07-17T10:58:56,28.9,28.9,38.6,39.3,28.9,38.95
2022-07-17T10:59:02,28.9,28.8,38.8,39.4,28.85,39.1
2022-07-17T10:59:07,29.0,28.9,38.7,39.6,28.95,39.15
2022-07-17T10:59:13,29.0,28.9,38.9,39.6,28.95,39.25
2022-07-17T10:59:18,29.0,28.9,38.6,39.6,28.95,39.1
2022-07-17T10:59:24,29.0,28.9,38.7,39.5,28.95,39.1
2022-07-17T10:59:29,29.0,29.0,38.8,39.6,29.0,39.2
2022-07-17T10:59:35,29.0,29.0,38.8,39.8,29.0,39.3
2022-07-17T10:59:40,29.1,29.1,38.8,39.4,29.1,39.1
2022-07-17T10:59:46,29.1,29.1,38.2,38.9,29.1,38.55
2022-07-17T10:59:51,29.1,29.1,38.7,38.9,29.1,38.8
2022-07-17T10:59:57,29.1,29.2,38.1,38.7,29.15,38.4
2022-07-17T11:00:02,29.3,29.2,38.0,38.6,29.25,38.3
2022-07-17T11:00:08,29.2,29.3,37.9,38.8,29.25,38.35
2022-07-17T11:00:13,29.3,29.3,38.1,39.0,29.3,38.55
2022-07-17T11:00:19,29.2,29.3,38.1,38.8,29.25,38.45
2022-07-17T11:00:25,29.3,29.3,37.8,38.6,29.3,38.2
2022-07-17T11:00:30,29.2,29.3,37.8,38.3,29.25,38.05
2022-07-17T11:00:36,29.2,29.3,37.6,38.5,29.25,38.05
2022-07-17T11:00:41,29.2,29.2,38.0,38.8,29.2,38.4
2022-07-17T11:00:47,29.3,29.2,38.3,38.6,29.25,38.45
2022-07-17T11:00:52,29.2,29.1,38.0,39.4,29.15,38.7
2022-07-17T11:00:58,29.1,29.1,38.4,38.7,29.1,38.55
2022-07-17T11:01:03,29.1,29.1,38.5,39.2,29.1,38.85
2022-07-17T11:01:09,29.1,29.1,38.5,39.5,29.1,39.0
2022-07-17T11:01:14,29.0,29.0,38.8,39.5,29.0,39.15
2022-07-17T11:01:20,29.1,29.0,38.6,39.5,29.05,39.05
2022-07-17T11:01:25,28.9,28.9,38.6,39.4,28.9,39.0
2022-07-17T11:01:31,29.0,29.0,38.7,39.5,29.0,39.1
2022-07-17T11:01:36,29.0,28.9,38.4,39.3,28.95,38.85
2022-07-17T11:01:42,29.0,28.9,38.5,39.1,28.95,38.8
2022-07-17T11:01:47,28.9,28.9,38.3,38.9,28.9,38.6
2022-07-17T11:01:53,28.9,28.9,38.4,39.1,28.9,38.75
2022-07-17T11:01:58,28.9,28.9,38.7,39.6,28.9,39.15
2022-07-17T11:02:04,28.8,28.9,38.6,39.5,28.85,39.05
2022-07-17T11:02:10,28.9,28.8,38.6,39.5,28.85,39.05
2022-07-17T11:02:15,28.9,28.9,38.7,39.3,28.9,39.0
2022-07-17T11:02:21,28.9,28.9,38.9,39.4,28.9,39.15
2022-07-17T11:02:26,28.9,28.9,38.7,39.6,28.9,39.15
2022-07-17T11:02:32,28.9,28.9,38.6,39.3,28.9,38.95
2022-07-17T11:02:37,28.9,28.9,38.7,39.6,28.9,39.15
2022-07-17T11:02:43,29.0,29.0,38.7,39.5,29.0,39.1
2022-07-17T11:02:48,29.0,29.0,39.0,39.8,29.0,39.4
2022-07-17T11:02:54,29.0,29.0,38.8,39.7,29.0,39.25
2022-07-17T11:02:59,29.0,29.0,38.6,39.5,29.0,39.05
2022-07-17T11:03:05,29.1,29.1,38.2,38.8,29.1,38.5
2022-07-17T11:03:10,29.1,29.1,38.2,38.8,29.1,38.5
2022-07-17T11:03:16,29.1,29.0,38.2,39.2,29.05,38.7
2022-07-17T11:03:21,29.1,29.2,38.1,38.7,29.15,38.4
2022-07-17T11:03:27,29.1,29.1,38.5,38.9,29.1,38.7
2022-07-17T11:03:32,29.1,29.1,38.9,39.0,29.1,38.95
2022-07-17T11:03:38,29.1,29.1,38.3,38.9,29.1,38.6
2022-07-17T11:03:43,29.2,29.2,38.5,39.0,29.2,38.75
2022-07-17T11:03:49,29.2,29.2,38.0,38.8,29.2,38.4
2022-07-17T11:03:54,29.2,29.3,37.9,38.8,29.25,38.35
2022-07-17T11:04:00,29.2,29.3,38.1,38.8,29.25,38.45
2022-07-17T11:04:06,29.2,29.2,38.4,39.1,29.2,38.75
2022-07-17T11:04:11,29.2,29.3,38.4,39.4,29.25,38.9
2022-07-17T11:04:17,29.3,29.2,38.4,39.2,29.25,38.8
2022-07-17T11:04:22,29.3,29.2,38.5,39.2,29.25,38.85
2022-07-17T11:04:28,29.3,29.3,38.6,39.2,29.3,38.9
2022-07-17T11:04:33,29.3,29.2,38.4,39.3,29.25,38.85
2022-07-17T11:04:39,29.2,29.3,38.3,38.9,29.25,38.6
2022-07-17T11:04:44,29.3,29.3,38.2,38.6,29.3,38.4
2022-07-17T11:04:50,29.2,29.3,38.2,38.7,29.25,38.45
2022-07-17T11:04:55,29.2,29.2,38.2,38.8,29.2,38.5
2022-07-17T11:05:01,29.2,29.2,38.2,38.7,29.2,38.45
2022-07-17T11:05:06,29.1,29.2,38.3,38.9,29.15,38.6
2022-07-17T11:05:12,29.3,29.3,38.3,38.8,29.3,38.55
2022-07-17T11:05:17,29.2,29.2,38.2,39.0,29.2,38.6
2022-07-17T11:05:23,29.2,29.2,38.0,38.6,29.2,38.3
2022-07-17T11:05:28,29.2,29.1,38.2,38.7,29.15,38.45
2022-07-17T11:05:34,,29.2,,38.4,29.2,38.4
2022-07-17T11:05:39,29.2,29.2,37.8,38.5,29.2,38.15
2022-07-17T11:05:45,29.3,29.2,37.9,38.4,29.25,38.15
2022-07-17T11:05:50,29.2,29.2,38.2,38.6,29.2,38.4
2022-07-17T11:05:56,29.3,29.2,38.2,38.9,29.25,38.55
2022-07-17T11:06:02,29.2,29.3,38.2,38.9,29.25,38.55
2022-07-17T11:06:07,29.2,29.2,38.2,39.0,29.2,38.6
2022-07-17T11:06:13,29.2,29.2,38.3,38.9,29.2,38.6
2022-07-17T11:06:18,29.2,29.2,38.2,38.8,29.2,38.5
2022-07-17T11:06:24,29.2,29.2,38.2,38.8,29.2,38.5
2022-07-17T11:06:29,29.2,29.3,38.3,39.0,29.25,38.65
2022-07-17T11:06:35,29.3,29.2,38.2,38.9,29.25,38.55
2022-07-17T11:06:40,29.3,29.2,38.1,38.7,29.25,38.4
2022-07-17T11:06:46,29.3,29.3,38.3,38.8,29.3,38.55
2022-07-17T11:06:51,29.3,29.3,38.3,38.8,29.3,38.55
2022-07-17T11:06:57,29.3,29.3,38.1,38.9,29.3,38.5
2022-07-17T11:07:02,29.4,29.4,38.2,39.1,29.4,38.65
2022-07-17T11:07:08,29.3,29.4,38.2,38.8,29.35,38.5
2022-07-17T11:07:13,29.4,29.2,38.1,38.8,29.3,38.45
2022-07-17T11:07:19,29.4,29.3,38.0,38.9,29.35,38.45
2022-07-17T11:07:24,29.4,29.4,38.2,38.9,29.4,38.55
2022-07-17T11:07:30,29.4,29.4,38.3,38.9,29.4,38.6
2022-07-17T11:07:35,29.5,29.4,38.2,39.0,29.45,38.6
2022-07-17T11:07:41,29.4,29.4,38.0,38.9,29.4,38.45
2022-07-17T11:07:46,29.4,29.5,38.2,39.0,29.45,38.6
2022-07-17T11:07:52,29.5,29.5,38.4,39.1,29.5,38.75
2022-07-17T11:07:58,29.6,29.5,38.3,39.1,29.55,38.7
2022-07-17T11:08:03,29.6,29.6,38.5,39.1,29.6,38.8
2022-07-17T11:08:09,29.6,29.6,38.2,38.8,29.6,38.5
2022-07-17T11:08:14,29.7,29.6,38.2,38.8,29.65,38.5
2022-07-17T11:08:20,29.6,29.5,38.0,38.9,29.55,38.45
2022-07-17T11:08:25,29.6,29.6,38.0,38.7,29.6,38.35
2022-07-17T11:08:31,29.6,29.6,37.6,38.5,29.6,38.05
2022-07-17T11:08:36,29.6,29.6,37.8,38.4,29.6,38.1
2022-07-17T11:08:42,29.5,29.6,37.6,38.4,29.55,38.0
2022-07-17T11:08:47,29.6,29.5,37.8,38.5,29.55,38.15
2022-07-17T11:08:53,29.6,29.6,37.8,38.6,29.6,38.2
2022-07-17T11:08:58,29.6,29.6,38.0,38.5,29.6,38.25
2022-07-17T11:09:04,29.6,29.6,38.0,38.6,29.6,38.3
2022-07-17T11:09:09,29.6,29.6,37.8,38.5,29.6,38.15
2022-07-17T11:09:15,29.6,29.6,38.0,38.4,29.6,38.2
2022-07-17T11:09:20,29.7,29.7,38.0,38.4,29.7,38.2
2022-07-17T11:09:26,29.7,29.7,37.8,38.5,29.7,38.15
2022-07-17T11:09:31,29.8,29.7,37.7,38.5,29.75,38.1
2022-07-17T11:09:37,29.8,29.7,38.0,38.9,29.75,38.45
2022-07-17T11:09:42,29.8,29.8,38.3,38.8,29.8,38.55
2022-07-17T11:09:48,29.8,29.8,38.1,38.8,29.8,38.45
2022-07-17T11:09:54,29.9,29.9,38.0,38.7,29.9,38.35
2022-07-17T11:09:59,29.8,29.9,37.9,38.5,29.85,38.2
2022-07-17T11:10:05,29.8,29.8,37.8,38.6,29.8,38.2
2022-07-17T11:10:10,29.9,29.9,37.7,38.6,29.9,38.15
2022-07-17T11:10:16,29.9,29.8,37.9,38.5,29.85,38.2
2022-07-17T11:10:21,30.0,29.9,37.7,38.4,29.95,38.05
2022-07-17T11:10:27,29.9,29.9,37.8,38.5,29.9,38.15
2022-07-17T11:10:32,30.0,29.9,37.8,38.4,29.95,38.1
2022-07-17T11:10:38,,29.9,,38.7,29.9,38.7
2022-07-17T11:10:43,29.9,29.9,37.9,38.5,29.9,38.2
2022-07-17T11:10:49,30.0,29.9,37.9,38.4,29.95,38.15
2022-07-17T11:10:54,30.0,29.9,37.7,38.5,29.95,38.1
2022-07-17T11:11:00,29.9,29.9,37.7,38.4,29.9,38.05
2022-07-17T11:11:05,30.0,29.9,37.9,38.7,29.95,38.3
2022-07-17T11:11:11,30.0,29.9,37.8,38.6,29.95,38.2
2022-07-17T11:11:16,30.0,29.9,37.9,38.4,29.95,38.15
2022-07-17T11:11:22,30.0,30.0,37.9,38.7,30.0,38.3
2022-07-17T11:11:27,29.9,30.0,38.0,38.6,29.95,38.3
2022-07-17T11:11:33,30.0,30.0,37.7,38.5,30.0,38.1
2022-07-17T11:11:38,29.9,29.9,37.7,38.2,29.9,37.95
2022-07-17T11:11:44,29.9,29.9,37.5,38.1,29.9,37.8
2022-07-17T11:11:50,30.0,29.9,37.6,38.1,29.95,37.85
2022-07-17T11:11:55,30.0,30.0,37.7,38.4,30.0,38.05
2022-07-17T11:12:01,30.0,29.9,37.6,38.2,29.95,37.9
2022-07-17T11:12:06,30.0,29.9,37.3,38.0,29.95,37.65
2022-07-17T11:12:12,30.0,29.9,37.6,38.2,29.95,37.9
2022-07-17T11:12:17,30.0,29.9,37.5,38.2,29.95,37.85
2022-07-17T11:12:23,29.9,29.9,37.6,38.1,29.9,37.85
2022-07-17T11:12:28,29.9,29.8,37.6,38.0,29.85,37.8
2022-07-17T11:12:34,29.9,,37.5,,29.9,37.5
2022-07-17T11:12:39,29.9,29.9,37.6,38.2,29.9,37.9
2022-07-17T11:12:45,30.0,29.8,37.6,38.2,29.9,37.9
2022-07-17T11:12:50,29.8,29.8,37.6,38.0,29.8,37.8
2022-07-17T11:12:56,30.0,29.9,37.3,38.0,29.95,37.65
2022-07-17T11:13:01,29.9,29.8,37.3,37.9,29.85,37.6
2022-07-17T11:13:07,,29.8,,37.9,29.8,37.9
2022-07-17T11:13:12,29.8,29.8,37.3,37.9,29.8,37.6
2022-07-17T11:13:18,29.9,29.8,37.4,38.2,29.85,37.8
2022-07-17T11:13:24,29.8,29.8,37.5,38.1,29.8,37.8
2022-07-17T11:13:29,29.9,29.8,37.4,38.2,29.85,37.8
2022-07-17T11:13:35,29.9,29.8,37.3,38.2,29.85,37.75
2022-07-17T11:13:40,29.9,29.8,37.2,37.9,29.85,37.55
2022-07-17T11:13:46,29.9,29.8,37.4,38.1,29.85,37.75
2022-07-17T11:13:51,29.8,29.8,37.1,37.9,29.8,37.5
2022-07-17T11:13:57,29.8,29.8,37.1,37.7,29.8,37.4
2022-07-17T11:14:02,29.9,29.8,37.1,37.7,29.85,37.4
2022-07-17T11:14:08,29.9,29.8,37.1,37.8,29.85,37.45
2022-07-17T11:14:13,29.9,29.8,37.0,37.8,29.85,37.4
2022-07-17T11:14:45,29.8,29.9,37.2,37.8,29.85,37.5
2022-07-17T11:14:51,,29.9,,38.2,29.9,38.2
2022-07-17T11:14:56,30.0,29.9,37.4,37.9,29.95,37.65
2022-07-17T11:15:02,29.9,30.0,37.2,37.8,29.95,37.5
2022-07-17T11:15:07,30.0,30.0,37.4,38.0,30.0,37.7
2022-07-17T11:16:23,30.0,30.0,37.3,37.9,30.0,37.6
2022-07-17T11:16:29,29.6,29.6,37.1,38.0,29.6,37.55
2022-07-17T11:16:34,29.7,29.6,36.9,37.8,29.65,37.35
2022-07-17T11:16:40,29.6,29.6,37.0,37.6,29.6,37.3
2022-07-17T11:16:45,29.5,29.5,37.2,37.8,29.5,37.5
2022-07-17T11:16:51,29.7,29.6,37.3,37.9,29.65,37.6
2022-07-17T11:16:56,,29.5,,38.0,29.5,38.0
2022-07-17T11:17:02,29.6,29.6,37.2,37.9,29.6,37.55
2022-07-17T11:17:07,29.6,29.5,37.2,38.0,29.55,37.6
2022-07-17T11:17:13,29.6,29.6,37.3,38.0,29.6,37.65
2022-07-17T11:17:18,29.6,29.6,37.1,37.8,29.6,37.45
2022-07-17T11:17:24,29.6,29.6,37.2,38.0,29.6,37.6
2022-07-17T11:17:29,29.6,29.7,37.3,37.8,29.65,37.55
2022-07-17T11:17:35,29.7,29.6,37.1,37.8,29.65,37.45
2022-07-17T11:17:40,29.6,29.6,37.1,38.0,29.6,37.55
2022-07-17T11:17:46,29.6,29.6,37.3,37.7,29.6,37.5
2022-07-17T11:17:52,29.6,29.6,37.1,37.8,29.6,37.45
2022-07-17T11:17:57,29.6,29.6,37.2,37.8,29.6,37.5
2022-07-17T11:18:03,29.6,29.5,37.3,37.9,29.55,37.6
2022-07-17T11:18:08,29.6,29.5,37.5,38.0,29.55,37.75
2022-07-17T11:18:14,,29.5,,37.9,29.5,37.9
2022-07-17T11:18:19,29.6,29.5,37.5,38.1,29.55,37.8
2022-07-17T11:18:25,29.6,29.5,37.5,38.0,29.55,37.75
2022-07-17T11:18:30,29.6,29.5,37.4,38.1,29.55,37.75
2022-07-17T11:18:36,29.6,29.6,37.4,38.2,29.6,37.8
2022-07-17T11:18:41,29.6,29.5,37.7,38.2,29.55,37.95
2022-07-17T11:18:47,29.6,29.6,37.8,38.5,29.6,38.15
2022-07-17T11:18:52,29.6,29.7,37.6,38.1,29.65,37.85
2022-07-17T11:18:58,29.7,29.7,37.5,38.0,29.7,37.75
2022-07-17T11:19:03,29.7,29.7,37.2,37.8,29.7,37.5
2022-07-17T11:19:09,29.6,29.6,37.4,38.0,29.6,37.7
2022-07-17T11:19:14,29.7,29.6,37.4,38.1,29.65,37.75
2022-07-17T11:19:20,29.6,29.5,37.1,38.0,29.55,37.55
2022-07-17T11:19:25,29.7,29.6,37.3,37.8,29.65,37.55
2022-07-17T11:19:31,29.5,29.6,37.2,37.8,29.55,37.5
2022-07-17T11:19:36,29.5,29.5,37.1,37.8,29.5,37.45
2022-07-17T11:19:42,29.5,29.5,37.4,37.9,29.5,37.65
2022-07-17T11:19:48,29.6,29.5,37.4,37.8,29.55,37.6
2022-07-17T11:19:53,29.6,29.5,37.5,37.9,29.55,37.7
2022-07-17T11:19:59,29.5,29.5,37.6,38.0,29.5,37.8
2022-07-17T11:20:04,29.5,29.6,37.4,38.1,29.55,37.75
2022-07-17T11:20:10,29.6,29.6,37.3,37.9,29.6,37.6
2022-07-17T11:20:15,29.6,29.5,37.3,37.8,29.55,37.55
2022-07-17T11:20:21,29.6,29.6,37.4,38.2,29.6,37.8
2022-07-17T11:20:26,29.6,29.6,37.3,37.9,29.6,37.6
2022-07-17T11:20:32,29.6,29.6,37.4,37.9,29.6,37.65
2022-07-17T11:20:37,29.7,29.6,37.4,37.8,29.65,37.6
2022-07-17T11:20:43,29.6,29.7,37.3,37.7,29.65,37.5
2022-07-17T11:20:48,29.7,29.7,37.1,37.8,29.7,37.45
2022-07-17T11:20:54,29.8,29.7,37.0,37.8,29.75,37.4
2022-07-17T11:20:59,29.8,29.7,36.9,37.7,29.75,37.3
2022-07-17T11:21:05,,29.8,,37.7,29.8,37.7
2022-07-17T11:21:10,29.8,29.9,37.3,37.9,29.85,37.6
2022-07-17T11:21:16,29.9,29.8,37.3,37.9,29.85,37.6
2022-07-17T11:21:21,29.9,29.8,37.5,38.0,29.85,37.75
2022-07-17T11:21:27,29.9,29.9,37.4,38.0,29.9,37.7
2022-07-17T11:21:32,30.0,30.0,37.7,38.1,30.0,37.9
2022-07-17T11:21:38,30.0,30.0,37.5,38.1,30.0,37.8
2022-07-17T11:21:44,30.0,30.1,37.7,38.3,30.05,38.0
2022-07-17T11:21:49,30.0,30.0,37.3,38.1,30.0,37.7
2022-07-17T11:21:55,30.1,30.0,37.3,38.0,30.05,37.65
2022-07-17T11:22:00,30.0,30.0,37.3,37.9,30.0,37.6
2022-07-17T11:22:06,30.1,30.1,37.1,37.8,30.1,37.45
2022-07-17T11:22:11,30.0,30.0,37.0,37.8,30.0,37.4
2022-07-17T11:22:17,30.0,30.0,37.2,37.6,30.0,37.4
2022-07-17T11:22:22,30.1,30.1,37.3,37.8,30.1,37.55
2022-07-17T11:22:28,30.0,30.0,37.2,37.7,30.0,37.45
2022-07-17T11:22:33,30.1,30.1,37.1,37.6,30.1,37.35
2022-07-17T11:22:39,30.1,30.1,37.2,37.6,30.1,37.4
2022-07-17T11:22:44,30.0,30.1,37.2,37.7,30.05,37.45
2022-07-17T11:22:50,30.1,30.0,37.0,37.7,30.05,37.35
2022-07-17T11:22:55,29.9,29.9,37.2,37.7,29.9,37.45
2022-07-17T11:23:01,29.9,29.9,37.0,37.7,29.9,37.35
2022-07-17T11:23:06,29.9,29.8,37.1,37.6,29.85,37.35
2022-07-17T11:23:12,29.9,29.8,37.0,37.6,29.85,37.3
2022-07-17T11:23:17,29.8,29.7,37.0,37.7,29.75,37.35
2022-07-17T11:23:23,29.7,29.6,37.3,37.6,29.65,37.45
2022-07-17T11:23:28,,29.6,,37.9,29.6,37.9
2022-07-17T11:23:34,29.6,29.5,37.1,37.8,29.55,37.45
2022-07-17T11:23:40,29.6,29.5,37.0,37.7,29.55,37.35
2022-07-17T11:23:45,29.5,29.5,37.0,37.6,29.5,37.3
2022-07-17T11:23:51,29.5,29.4,37.1,37.6,29.45,37.35
2022-07-17T11:23:56,29.4,29.4,37.1,37.9,29.4,37.5
2022-07-17T11:24:02,29.5,29.4,37.3,38.0,29.45,37.65
2022-07-17T11:24:07,,29.3,,37.8,29.3,37.8
2022-07-17T11:24:13,29.4,29.4,37.2,38.0,29.4,37.6
2022-07-17T11:24:18,29.4,29.4,37.4,38.0,29.4,37.7
2022-07-17T11:24:24,29.4,29.4,37.3,37.8,29.4,37.55
2022-07-17T11:24:29,29.4,29.4,37.5,37.9,29.4,37.7
2022-07-17T11:24:35,29.5,29.4,37.4,37.9,29.45,37.65
2022-07-17T11:24:40,29.5,,37.2,,29.5,37.2
2022-07-17T11:24:46,29.4,29.4,37.2,37.8,29.4,37.5
2022-07-17T11:24:51,29.5,29.4,37.0,37.6,29.45,37.3
2022-07-17T11:24:57,29.5,29.3,36.8,37.6,29.4,37.2
2022-07-17T11:25:02,29.4,29.4,36.8,37.4,29.4,37.1
2022-07-17T11:25:08,29.5,29.5,36.9,37.5,29.5,37.2
2022-07-17T11:25:13,29.4,29.4,36.8,37.4,29.4,37.1
2022-07-17T11:25:19,29.5,29.5,37.0,37.5,29.5,37.25
2022-07-17T11:25:24,29.5,29.5,37.1,37.9,29.5,37.5
2022-07-17T11:25:30,29.5,29.5,37.2,37.7,29.5,37.45
2022-07-17T11:25:36,29.5,29.5,37.5,38.2,29.5,37.85
2022-07-17T11:25:41,29.6,29.5,37.4,38.0,29.55,37.7
2022-07-17T11:25:47,29.6,29.6,37.5,38.1,29.6,37.8
2022-07-17T11:25:52,29.7,29.7,37.5,38.2,29.7,37.85
2022-07-17T11:25:58,29.7,29.7,37.6,38.0,29.7,37.8
2022-07-17T11:26:03,29.8,29.7,37.6,38.2,29.75,37.9
2022-07-17T11:26:09,29.8,29.7,37.3,38.1,29.75,37.7
2022-07-17T11:26:14,29.8,29.8,37.3,38.1,29.8,37.7
2022-07-17T11:26:20,29.8,29.7,37.3,38.0,29.75,37.65
2022-07-17T11:26:25,29.8,29.9,37.3,37.8,29.85,37.55
2022-07-17T11:26:31,29.8,29.8,37.2,37.9,29.8,37.55
2022-07-17T11:26:36,29.8,29.8,37.5,37.9,29.8,37.7
2022-07-17T11:26:42,29.9,29.9,37.3,37.9,29.9,37.6
2022-07-17T11:26:47,29.8,29.8,37.3,37.8,29.8,37.55
2022-07-17T11:26:53,29.9,29.9,37.2,37.7,29.9,37.45
2022-07-17T11:26:58,29.9,29.9,37.3,37.7,29.9,37.5
2022-07-17T11:27:04,29.8,29.9,37.3,37.8,29.85,37.55
2022-07-17T11:27:09,29.9,29.8,37.5,37.9,29.85,37.7
2022-07-17T11:27:15,29.9,29.9,37.4,38.1,29.9,37.75
2022-07-17T11:27:20,29.9,29.9,37.4,37.9,29.9,37.65
2022-07-17T11:27:26,30.0,29.9,37.3,38.0,29.95,37.65
2022-07-17T11:27:32,30.0,29.9,37.2,37.9,29.95,37.55
2022-07-17T11:27:37,,30.0,,37.9,30.0,37.9
2022-07-17T11:27:43,30.0,30.0,37.3,37.9,30.0,37.6
2022-07-17T11:27:48,30.1,30.1,37.2,37.8,30.1,37.5
2022-07-17T11:27:54,30.1,30.0,37.2,37.7,30.05,37.45
2022-07-17T11:27:59,30.1,30.2,37.2,37.9,30.15,37.55
2022-07-17T11:28:05,30.1,30.1,37.3,37.9,30.1,37.6
2022-07-17T11:28:10,30.2,30.1,37.2,37.6,30.15,37.4
2022-07-17T11:28:16,30.2,30.1,37.0,37.6,30.15,37.3
2022-07-17T11:28:21,30.1,30.1,37.1,37.6,30.1,37.35
2022-07-17T11:28:27,30.2,30.1,37.2,37.9,30.15,37.55
2022-07-17T11:28:32,30.1,30.1,37.5,38.1,30.1,37.8
2022-07-17T11:28:38,30.1,30.1,37.1,37.8,30.1,37.45
2022-07-17T11:28:43,30.1,30.1,36.9,37.7,30.1,37.3
2022-07-17T11:28:49,30.2,30.1,36.8,37.4,30.15,37.1
2022-07-17T11:28:54,30.1,30.1,37.0,37.4,30.1,37.2
2022-07-17T11:29:00,30.2,30.1,36.8,37.3,30.15,37.05
2022-07-17T11:29:05,30.1,30.1,36.7,37.5,30.1,37.1
2022-07-17T11:29:11,30.2,30.1,36.9,37.4,30.15,37.15
2022-07-17T11:29:16,30.1,30.1,36.9,37.4,30.1,37.15
2022-07-17T11:29:22,30.1,30.1,36.9,37.5,30.1,37.2
2022-07-17T11:29:28,30.2,30.1,36.9,37.6,30.15,37.25
2022-07-17T11:29:33,30.2,30.1,36.6,37.3,30.15,36.95
2022-07-17T11:29:39,30.1,30.1,36.8,37.3,30.1,37.05
2022-07-17T11:29:44,30.0,30.0,36.6,37.3,30.0,36.95
2022-07-17T11:29:50,30.0,30.0,36.8,37.3,30.0,37.05
2022-07-17T11:29:55,30.1,,36.8,,30.1,36.8
2022-07-17T11:30:01,30.1,30.0,36.7,37.0,30.05,36.85
2022-07-17T11:30:06,30.2,30.1,36.5,37.1,30.15,36.8
2022-07-17T11:30:12,,30.0,,37.2,30.0,37.2
2022-07-17T11:30:17,30.2,30.0,36.8,37.3,30.1,37.05
2022-07-17T11:30:23,30.2,30.1,36.6,37.2,30.15,36.9
2022-07-17T11:30:28,30.2,30.1,36.7,37.4,30.15,37.05
2022-07-17T11:30:34,30.2,30.1,36.7,37.2,30.15,36.95
2022-07-17T11:30:39,30.2,30.1,36.6,37.3,30.15,36.95
2022-07-17T11:30:45,30.2,30.1,37.0,37.5,30.15,37.25
2022-07-17T11:30:50,30.1,30.1,37.2,37.6,30.1,37.4
2022-07-17T11:30:56,30.2,30.1,37.1,37.7,30.15,37.4
2022-07-17T11:31:01,30.2,30.1,37.1,37.8,30.15,37.45
2022-07-17T11:31:07,30.1,30.1,37.0,37.8,30.1,37.4
2022-07-17T11:31:12,30.2,30.1,36.9,37.3,30.15,37.1
2022-07-17T11:31:18,30.2,30.1,36.7,37.4,30.15,37.05
2022-07-17T11:31:24,30.2,30.0,36.9,37.5,30.1,37.2
2022-07-17T11:31:29,30.1,30.1,36.7,37.5,30.1,37.1
2022-07-17T11:31:35,30.2,30.0,36.9,37.7,30.1,37.3
2022-07-17T11:31:40,30.1,30.1,37.2,37.7,30.1,37.45
2022-07-17T11:31:46,30.1,30.1,37.0,37.6,30.1,37.3
2022-07-17T11:31:51,30.1,30.1,37.2,37.9,30.1,37.55
2022-07-17T11:31:57,30.2,30.1,37.1,37.9,30.15,37.5
2022-07-17T11:32:02,30.1,30.1,37.3,38.0,30.1,37.65
2022-07-17T11:32:08,30.2,30.1,37.2,37.7,30.15,37.45
2022-07-17T11:32:13,30.2,30.1,37.2,37.8,30.15,37.5
2022-07-17T11:32:19,30.2,30.2,37.0,37.9,30.2,37.45
2022-07-17T11:32:24,30.2,30.1,37.3,37.9,30.15,37.6
2022-07-17T11:32:30,30.2,30.2,37.4,37.9,30.2,37.65
2022-07-17T11:32:35,30.3,30.2,37.2,37.8,30.25,37.5
2022-07-17T11:32:41,30.2,30.1,37.2,37.7,30.15,37.45
2022-07-17T11:32:46,30.2,30.2,37.3,37.7,30.2,37.5
2022-07-17T11:32:52,30.2,30.1,37.0,37.6,30.15,37.3
2022-07-17T11:32:57,30.3,30.2,37.0,37.5,30.25,37.25
2022-07-17T11:33:03,30.4,30.2,37.1,37.6,30.3,37.35
2022-07-17T11:33:08,30.2,30.2,37.0,37.5,30.2,37.25
2022-07-17T11:33:14,30.3,30.3,37.1,37.8,30.3,37.45
2022-07-17T11:33:20,30.3,30.2,37.1,37.9,30.25,37.5
2022-07-17T11:33:25,30.4,30.3,37.3,38.0,30.35,37.65
2022-07-17T11:33:31,30.3,30.3,37.5,37.7,30.3,37.6
2022-07-17T11:33:36,30.4,30.4,37.3,38.1,30.4,37.7
2022-07-17T11:33:42,30.4,30.2,37.1,37.9,30.3,37.5
2022-07-17T11:33:47,30.4,30.3,37.2,37.5,30.35,37.35
2022-07-17T11:33:53,30.3,30.3,37.2,37.7,30.3,37.45
2022-07-17T11:33:58,30.5,30.2,37.4,38.0,30.35,37.7
2022-07-17T11:34:04,30.3,30.3,37.2,37.9,30.3,37.55
2022-07-17T11:34:09,30.4,30.3,37.4,38.0,30.35,37.7
2022-07-17T11:34:15,30.4,30.2,37.5,38.0,30.3,37.75
2022-07-17T11:34:20,30.4,30.2,37.5,38.1,30.3,37.8
2022-07-17T11:34:26,30.4,30.4,37.3,37.9,30.4,37.6
2022-07-17T11:34:31,30.4,30.4,37.3,37.9,30.4,37.6
2022-07-17T11:34:37,30.4,30.4,37.5,37.9,30.4,37.7
2022-07-17T11:34:42,30.5,30.4,37.2,38.0,30.45,37.6
2022-07-17T11:34:48,30.5,30.4,37.5,38.1,30.45,37.8
2022-07-17T11:34:53,30.6,30.5,37.8,38.4,30.55,38.1
2022-07-17T11:34:59,30.6,30.5,37.9,38.6,30.55,38.25
2022-07-17T11:35:04,30.7,30.5,37.7,38.3,30.6,38.0
2022-07-17T11:35:10,30.6,30.5,37.9,38.3,30.55,38.1
2022-07-17T11:35:16,30.6,30.5,37.6,38.3,30.55,37.95
2022-07-17T11:35:21,30.6,30.6,37.6,37.9,30.6,37.75
2022-07-17T11:35:27,30.6,30.6,37.4,37.8,30.6,37.6
2022-07-17T11:35:32,30.7,30.5,37.2,37.8,30.6,37.5
2022-07-17T11:35:38,30.7,30.6,36.9,37.7,30.65,37.3
2022-07-17T11:35:43,30.6,30.6,36.8,37.5,30.6,37.15
2022-07-17T11:35:49,30.6,30.6,36.7,37.5,30.6,37.1
2022-07-17T11:35:54,30.6,30.6,36.6,37.4,30.6,37.0
2022-07-17T11:36:00,30.6,30.5,37.0,37.6,30.55,37.3
2022-07-17T11:36:05,30.6,30.5,37.0,37.6,30.55,37.3
2022-07-17T11:36:11,30.7,30.6,37.2,37.8,30.65,37.5
2022-07-17T11:36:16,30.6,30.6,37.4,37.8,30.6,37.6
2022-07-17T11:36:22,30.7,30.5,37.2,37.7,30.6,37.45
2022-07-17T11:36:27,30.8,30.6,37.1,37.6,30.7,37.35
2022-07-17T11:36:33,30.7,30.6,37.0,37.6,30.65,37.3
2022-07-17T11:36:38,30.7,30.7,37.0,37.7,30.7,37.35
2022-07-17T11:36:44,30.7,30.6,37.0,37.5,30.65,37.25
2022-07-17T11:36:49,30.6,30.5,36.9,37.4,30.55,37.15
2022-07-17T11:36:55,30.6,30.5,36.8,37.5,30.55,37.15
2022-07-17T11:37:00,30.5,30.4,36.7,37.5,30.45,37.1
2022-07-17T11:37:06,30.4,30.3,36.4,37.3,30.35,36.85
2022-07-17T11:37:12,30.3,30.3,36.5,37.1,30.3,36.8
2022-07-17T11:37:17,30.4,30.2,36.5,37.0,30.3,36.75
2022-07-17T11:37:23,30.3,30.2,36.8,37.3,30.25,37.05
2022-07-17T11:37:28,30.3,30.2,36.6,37.2,30.25,36.9
2022-07-17T11:37:34,30.2,30.3,36.5,37.3,30.25,36.9
2022-07-17T11:37:39,30.3,30.2,36.7,37.4,30.25,37.05
2022-07-17T11:37:45,30.3,30.3,36.5,37.2,30.3,36.85
2022-07-17T11:37:50,30.3,30.2,36.8,37.4,30.25,37.1
2022-07-17T11:37:56,30.3,30.3,36.7,37.4,30.3,37.05
2022-07-17T11:38:01,30.3,30.2,36.9,37.5,30.25,37.2
2022-07-17T11:38:07,30.3,30.2,36.8,37.6,30.25,37.2
2022-07-17T11:38:13,30.3,30.3,37.0,37.6,30.3,37.3
2022-07-17T11:38:18,30.4,30.2,36.8,37.5,30.3,37.15
2022-07-17T11:38:24,30.3,30.3,36.7,37.5,30.3,37.1
2022-07-17T11:38:29,,30.4,,37.7,30.4,37.7
2022-07-17T11:38:35,30.4,30.4,37.1,37.6,30.4,37.35
2022-07-17T11:38:40,30.5,30.4,36.9,37.5,30.45,37.2
2022-07-17T11:38:46,30.5,30.5,37.0,37.6,30.5,37.3
2022-07-17T11:38:51,30.6,30.5,36.8,37.6,30.55,37.2
2022-07-17T11:38:57,30.6,30.4,36.5,37.2,30.5,36.85
2022-07-17T11:39:02,30.7,30.5,36.6,37.1,30.6,36.85
2022-07-17T11:39:08,30.7,30.5,36.7,37.3,30.6,37.0
2022-07-17T11:39:13,30.7,30.5,36.4,36.9,30.6,36.65
2022-07-17T11:39:19,30.7,30.7,36.3,36.9,30.7,36.6
2022-07-17T11:39:24,30.7,30.6,36.4,36.8,30.65,36.6
2022-07-17T11:39:30,30.8,30.6,36.1,36.8,30.7,36.45
2022-07-17T11:39:35,30.8,30.6,36.1,36.6,30.7,36.35
2022-07-17T11:39:41,30.7,30.7,36.0,36.5,30.7,36.25
2022-07-17T11:39:46,30.8,30.6,36.2,36.7,30.7,36.45
2022-07-17T11:39:52,30.8,30.7,36.5,37.1,30.75,36.8
2022-07-17T11:39:58,30.9,30.7,36.7,37.0,30.8,36.85
2022-07-17T11:40:03,,,,,,
2022-07-17T11:40:09,30.7,30.6,36.8,37.3,30.65,37.05
2022-07-17T11:40:14,30.6,30.6,36.7,37.3,30.6,37.0
2022-07-17T11:40:20,30.6,30.6,36.7,37.4,30.6,37.05
2022-07-17T11:40:25,30.6,30.5,36.7,37.2,30.55,36.95
2022-07-17T11:40:31,30.5,30.4,36.5,37.3,30.45,36.9
2022-07-17T11:40:36,30.5,30.4,36.7,37.2,30.45,36.95
2022-07-17T11:40:42,,30.4,,37.1,30.4,37.1
2022-07-17T11:40:47,30.5,30.4,36.4,37.4,30.45,36.9
2022-07-17T11:40:53,30.4,30.3,36.8,37.2,30.35,37.0
2022-07-17T11:40:58,30.4,30.3,36.8,37.5,30.35,37.15
2022-07-17T11:41:04,30.3,30.4,37.0,37.5,30.35,37.25
2022-07-17T11:41:09,30.4,30.4,36.8,37.4,30.4,37.1
2022-07-17T11:41:15,30.4,30.3,36.8,37.4,30.35,37.1
2022-07-17T11:41:20,30.4,30.4,36.8,37.4,30.4,37.1
2022-07-17T11:41:26,30.5,30.3,36.6,37.2,30.4,36.9
2022-07-17T11:41:31,30.4,30.4,36.6,37.3,30.4,36.95
2022-07-17T11:41:37,30.4,30.3,36.8,37.5,30.35,37.15
2022-07-17T11:41:42,,30.3,,37.4,30.3,37.4
2022-07-17T11:41:48,30.4,30.3,36.8,37.3,30.35,37.05
2022-07-17T11:41:54,30.4,30.3,36.7,37.5,30.35,37.1
2022-07-17T11:41:59,30.4,,36.9,,30.4,36.9
2022-07-17T11:42:05,30.4,30.3,37.0,37.5,30.35,37.25
2022-07-17T11:42:10,30.4,30.4,36.9,37.4,30.4,37.15
2022-07-17T11:42:16,30.4,30.3,37.0,37.4,30.35,37.2
2022-07-17T11:42:21,,30.3,,37.4,30.3,37.4
2022-07-17T11:42:27,30.4,30.3,36.7,37.3,30.35,37.0
2022-07-17T11:42:32,30.4,30.3,36.8,37.4,30.35,37.1
2022-07-17T11:42:38,30.3,30.2,36.7,37.5,30.25,37.1
2022-07-17T11:42:43,,30.3,,37.4,30.3,37.4
2022-07-17T11:42:49,30.3,30.2,36.8,37.3,30.25,37.05
2022-07-17T11:42:54,30.2,30.2,36.9,37.5,30.2,37.2
2022-07-17T11:43:00,30.2,30.2,36.9,37.4,30.2,37.15
2022-07-17T11:43:05,,30.0,,37.3,30.0,37.3
2022-07-17T11:43:11,30.2,30.1,36.9,37.5,30.15,37.2
2022-07-17T11:43:16,30.2,30.0,36.6,37.5,30.1,37.05
2022-07-17T11:43:22,30.1,30.0,36.8,37.3,30.05,37.05
2022-07-17T11:43:27,30.2,29.9,36.6,37.1,30.05,36.85
2022-07-17T11:43:33,30.1,30.0,36.5,37.3,30.05,36.9
2022-07-17T11:43:39,30.1,30.0,36.7,37.3,30.05,37.0
2022-07-17T11:43:44,30.1,30.0,36.9,37.6,30.05,37.25
2022-07-17T11:43:50,30.1,30.0,37.0,37.5,30.05,37.25
2022-07-17T11:43:55,30.1,29.9,37.1,37.7,30.0,37.4
2022-07-17T11:44:01,30.0,30.0,37.0,37.4,30.0,37.2
2022-07-17T11:44:06,30.1,29.9,36.9,37.5,30.0,37.2
2022-07-17T11:44:12,30.1,30.0,36.9,37.5,30.05,37.2
2022-07-17T11:44:17,,30.0,,37.6,30.0,37.6
2022-07-17T11:44:23,30.1,30.1,37.3,37.9,30.1,37.6
2022-07-17T11:44:28,30.1,30.0,37.2,37.7,30.05,37.45
2022-07-17T11:44:34,,30.1,,37.8,30.1,37.8
2022-07-17T11:44:39,30.2,30.2,37.3,37.6,30.2,37.45
2022-07-17T11:44:45,30.2,30.1,37.2,37.8,30.15,37.5
2022-07-17T11:44:50,30.3,30.1,37.3,37.8,30.2,37.55
2022-07-17T11:44:56,30.2,30.1,37.1,37.6,30.15,37.35
2022-07-17T11:45:01,30.2,30.1,37.0,37.6,30.15,37.3
2022-07-17T11:45:07,30.2,30.1,37.2,37.6,30.15,37.4
2022-07-17T11:45:12,30.1,30.1,37.1,37.7,30.1,37.4
2022-07-17T11:45:18,30.0,30.1,37.0,37.5,30.05,37.25
2022-07-17T11:45:23,29.9,30.0,36.9,37.4,29.95,37.15
2022-07-17T11:45:29,30.0,29.9,37.0,37.5,29.95,37.25
2022-07-17T11:45:35,29.9,29.8,37.0,37.7,29.85,37.35
2022-07-17T11:45:40,29.8,29.8,37.2,37.6,29.8,37.4
2022-07-17T11:45:46,29.8,29.8,37.0,37.5,29.8,37.25
2022-07-17T11:45:51,29.9,29.8,37.1,37.6,29.85,37.35
2022-07-17T11:45:57,29.8,29.8,37.2,37.8,29.8,37.5
2022-07-17T11:46:02,29.8,29.7,37.2,37.5,29.75,37.35
2022-07-17T11:46:08,29.8,29.6,37.2,37.7,29.7,37.45
2022-07-17T11:46:13,29.7,29.6,37.1,37.6,29.65,37.35
2022-07-17T11:46:19,29.8,29.7,37.3,37.8,29.75,37.55
2022-07-17T11:46:24,29.7,29.7,37.1,37.6,29.7,37.35
2022-07-17T11:46:30,29.8,29.7,37.0,37.7,29.75,37.35
2022-07-17T11:46:35,29.8,29.7,37.1,37.7,29.75,37.4
2022-07-17T11:46:41,29.8,29.7,37.3,37.8,29.75,37.55
2022-07-17T11:46:46,29.8,29.8,37.2,37.8,29.8,37.5
2022-07-17T11:46:52,29.9,29.8,37.2,37.7,29.85,37.45
2022-07-17T11:46:57,29.8,29.8,37.3,37.7,29.8,37.5
2022-07-17T11:47:03,29.9,29.8,37.0,37.8,29.85,37.4
2022-07-17T11:47:08,29.9,29.9,36.8,37.6,29.9,37.2
2022-07-17T11:47:14,29.8,29.8,36.9,37.4,29.8,37.15
2022-07-17T11:47:19,29.8,29.8,36.6,37.4,29.8,37.0
2022-07-17T11:47:25,29.9,29.7,36.8,37.3,29.8,37.05
2022-07-17T11:47:31,29.8,29.8,36.9,37.3,29.8,37.1
2022-07-17T11:47:36,29.8,29.8,36.9,37.5,29.8,37.2
2022-07-17T11:47:42,29.8,29.8,36.8,37.5,29.8,37.15
2022-07-17T11:47:47,29.8,29.8,36.9,37.7,29.8,37.3
2022-07-17T11:47:53,29.8,29.8,37.0,37.5,29.8,37.25
2022-07-17T11:47:58,29.9,29.8,36.9,37.6,29.85,37.25
2022-07-17T11:48:04,29.8,29.7,36.9,37.4,29.75,37.15
2022-07-17T11:48:09,29.7,29.7,36.9,37.3,29.7,37.1
2022-07-17T11:48:15,29.7,29.7,36.7,37.3,29.7,37.0
2022-07-17T11:48:20,29.8,29.7,36.7,37.3,29.75,37.0
2022-07-17T11:48:26,29.8,29.6,36.9,37.2,29.7,37.05
2022-07-17T11:48:31,29.7,29.7,36.9,37.4,29.7,37.15
2022-07-17T11:48:37,29.7,29.6,36.9,37.4,29.65,37.15
2022-07-17T11:48:42,29.7,29.6,37.1,37.5,29.65,37.3
2022-07-17T11:48:48,29.7,29.7,37.1,37.7,29.7,37.4
2022-07-17T11:48:53,29.7,29.7,36.9,37.6,29.7,37.25
2022-07-17T11:48:59,29.7,29.7,37.0,37.4,29.7,37.2
2022-07-17T12:17:57,30.8,36.5
2022-07-17T12:18:02,30.8,36.9
2022-07-17T12:18:08,30.8,36.6
2022-07-17T12:18:13,30.8,36.6
2022-07-17T12:18:18,30.7,36.7
2022-07-17T12:18:24,30.7,36.5
